"BBS_species","BL_name","Sequence","Family1","Order1","Avibase.ID1","Total.individuals","Female","Male","Unknown","Complete.measures","Beak.Length_Culmen","Beak.Length_Nares","Beak.Width","Beak.Depth","Tarsus.Length","Wing.Length","Kipps.Distance","Secondary1","Hand-Wing.Index","Tail.Length","Mass","Mass.Source","Mass.Refs.Other","Inference","Traits.inferred","Reference.species","Habitat","Habitat.Density","Migration","Trophic.Level","Trophic.Niche","Primary.Lifestyle","Min.Latitude","Max.Latitude","Centroid.Latitude","Centroid.Longitude","Range.Size"
"Accipiter cooperii","Accipiter cooperii",3123,"Accipitridae","Accipitriformes","AVIBASE-EB98812F",5,2,3,0,4,25.4,13.9,8.6,13.2,62,241.2,77.8,163.5,32.3,188.4,429.67,"Dunning","NA","NO","NA","NA","Woodland",2,"3","Carnivore","Vertivore","Aerial","23.28","53.31","41.25","-100.49","8393137.0600000005"
"Accipiter striatus","Accipiter striatus",3122,"Accipitridae","Accipitriformes","AVIBASE-3B024163",20,8,10,2,16,18.3,10.1,7.3,9.4,49.9,181.6,56.6,126.8,30.7,134.3,130.59,"Dunning","NA","NO","NA","NA","Forest",1,"3","Carnivore","Vertivore","Aerial","-34.979999999999997","69.38","34.35","-96.11","16375303.869999999"
"Actitis macularius","Actitis macularius",2528,"Scolopacidae","Charadriiformes","AVIBASE-0D88C072",5,3,2,0,4,25.7,16.2,2.7,3.3,24.2,100.4,47.6,52.6,47.5,53,40.4,"Dunning","NA","NO","NA","NA","Wetland",3,"3","Carnivore","Aquatic predator","Terrestrial","32.24","69.69","52.38","-107.73","13627000.390000001"
"Aechmophorus occidentalis","Aechmophorus occidentalis",570,"Podicipedidae","Podicipediformes","AVIBASE-C6E1197B",4,0,3,1,4,73.2,54.1,6.6,10.2,71.7,184.5,75.4,109,40.8,29.8,1136.95,"Dunning","NA","NO","NA","NA","Wetland",3,"3","Carnivore","Aquatic predator","Aquatic","18.07","58.29","44.29","-110.04","4866227.5999999996"
"Aeronautes saxatalis","Aeronautes saxatalis",1172,"Apodidae","Caprimulgiformes","AVIBASE-B401C2DD",6,4,2,0,6,7,3,2.9,2.5,10.6,140.3,98.2,42.1,69.8,63.7,32.1,"Dunning","NA","NO","NA","NA","Rock",1,"1","Carnivore","Invertivore","Aerial","13.45","50.85","33.58","-109.21","4096268.29"
"Aimophila ruficeps","Aimophila ruficeps",10409,"Passerellidae","Passeriformes","AVIBASE-7784B060",4,2,2,0,4,14.9,8.2,4.1,5,19.8,59.9,7.7,52.2,12.8,62,18.69,"Dunning","NA","NO","NA","NA","Shrubland",2,"1","Herbivore","Granivore","Generalist","16.02","40.58","29.22","-105.07","1184786.97"
"Aix sponsa","Aix sponsa",467,"Anatidae","Anseriformes","AVIBASE-27B2749A",6,3,3,0,4,38.6,24.7,15.1,11.4,32.9,220.5,108.5,111,49.4,106.8,657.59,"Dunning","NA","NO","NA","NA","Wetland",3,"1","Herbivore","Omnivore","Generalist","19.829999999999998","55.22","42.14","-92.18","6191757.6600000001"
"Ammodramus savannarum","Ammodramus savannarum",10321,"Passerellidae","Passeriformes","AVIBASE-5BFFE091",6,3,3,0,5,13.8,8.2,4.5,6.1,20.1,58.2,12.3,46,21.1,41.4,17.61,"Dunning","NA","NO","NA","NA","Grassland",3,"2","Omnivore","Invertivore","Generalist","3.31","51.58","40.299999999999997","-94.6","5240933.1399999997"
"Amphispiza bilineata","Amphispiza bilineata",10303,"Passerellidae","Passeriformes","AVIBASE-A0F29F1E",6,2,4,0,6,11.7,8.2,4.6,5.9,18.1,63.5,11.3,52.2,17.7,64.8,13.5,"Dunning","NA","NO","NA","NA","Shrubland",2,"2","Omnivore","Omnivore","Generalist","20.190000000000001","47.06","32.43","-108.96","2450691.64"
"Anas acuta","Anas acuta",541,"Anatidae","Anseriformes","AVIBASE-56CCA717",10,5,5,0,4,48.1,31.9,14.5,14.8,36.9,256.7,148.4,107.8,57.8,124.7,944.62,"Dunning","NA","NO","NA","NA","Wetland",3,"3","Herbivore","Herbivore aquatic","Aquatic","38.65","75.28","59.6","26.95","28403500.77"
"Anas platyrhynchos","Anas platyrhynchos",525,"Anatidae","Anseriformes","AVIBASE-85625D75",12,6,6,0,4,58.5,41,20.8,17.8,40.6,263.4,133.5,129.9,50.7,86.9,843.42,"Dunning","NA","NO","NA","NA","Wetland",3,"2","Herbivore","Herbivore aquatic","Aquatic","20.46","72.37","51.63","11.04","39707247.469999999"
"Antigone canadensis","Grus canadensis",1904,"Gruidae","Gruiformes","AVIBASE-E196D6F9",5,2,2,1,4,122.9,67.4,10.2,15.9,216.2,477.8,210,270,43.8,175.4,4296.22,"Dunning","NA","NO","NA","NA","Wetland",3,"3","Omnivore","Omnivore","Terrestrial","21.44","75.64","60.34","-103.96","8593771.0899999999"
"Antrostomus carolinensis","Antrostomus carolinensis",1048,"Caprimulgidae","Caprimulgiformes","AVIBASE-8D3E8871",6,1,4,1,4,15.2,7.5,6.2,4,17.5,207.7,106.2,100.1,51.5,141.1,109,"Dunning","NA","NO","NA","NA","Woodland",2,"3","Carnivore","Invertivore","Aerial","24.95","42.41","33.909999999999997","-88.6","1808676.44"
"Antrostomus vociferus","Antrostomus vociferus",1040,"Caprimulgidae","Caprimulgiformes","AVIBASE-1A09655B",5,1,1,3,4,16.1,6.7,3.8,2.7,15.1,154.4,72.3,84.4,46.1,114.2,53.3,"Dunning","NA","NO","NA","NA","Forest",1,"3","Carnivore","Invertivore","Generalist","31.65","54.53","42.29","-86.2","3403564.97"
"Aphelocoma californica","Aphelocoma californica",7024,"Corvidae","Passeriformes","AVIBASE-E5BA8469",36,9,27,0,16,34,20.7,9.1,9.8,42.4,128.5,18,109.8,14.1,140.2,85.74,"Dunning","NA","NO","NA","NA","Shrubland",2,"1","Omnivore","Omnivore","Terrestrial","16.16","46.82","34.81","-110.7","2323260.89"
"Aphelocoma woodhouseii","Aphelocoma californica",7024,"Corvidae","Passeriformes","AVIBASE-E5BA8469",36,9,27,0,16,34,20.7,9.1,9.8,42.4,128.5,18,109.8,14.1,140.2,85.74,"Dunning","NA","NO","NA","NA","Shrubland",2,"1","Omnivore","Omnivore","Terrestrial","16.16","46.82","34.81","-110.7","2323260.89"
"Aquila chrysaetos","Aquila chrysaetos",3050,"Accipitridae","Accipitriformes","AVIBASE-5F8E7CA8",8,2,6,0,8,56.8,37,18.5,28.4,101.4,603.1,221.2,381.9,36.7,307.1,4247.97,"Dunning","NA","NO","NA","NA","Grassland",3,"2","Carnivore","Vertivore","Aerial","6.36","71.12","50.67","38.049999999999997","39450257.979999997"
"Archilochus alexandri","Archilochus alexandri",1559,"Trochilidae","Caprimulgiformes","AVIBASE-4BB4F257",4,2,2,0,4,21.6,17.2,1.4,1.6,3.9,42.4,27.4,15,64.4,24.5,3.39,"Dunning","NA","NO","NA","NA","Forest",2,"3","Herbivore","Nectarivore","Aerial","25.5","50.68","36.81","-111.12","2369566.67"
"Archilochus colubris","Archilochus colubris",1560,"Trochilidae","Caprimulgiformes","AVIBASE-DEC3D8D0",11,4,6,1,4,20.7,15.1,1.8,1.9,3.4,40.7,27.6,14.7,65,24.3,3.09,"Dunning","NA","NO","NA","NA","Woodland",2,"3","Omnivore","Nectarivore","Generalist","25.86","54.77","41.87","-87.72","4936988.47"
"Ardea alba","Ardea alba",2244,"Ardeidae","Pelecaniformes","AVIBASE-49D9148A",16,4,7,5,8,126.3,90.4,12,18.1,141.6,378.8,120.7,257.2,32.1,140.5,871.33,"Dunning","NA","NO","NA","NA","Wetland",3,"2","Carnivore","Aquatic predator","Terrestrial","-52.61","57.34","10.02","28.87","74898555.489999995"
"Ardea herodias","Ardea herodias",2234,"Ardeidae","Pelecaniformes","AVIBASE-6A9DD06F",4,2,1,1,4,145.2,106,15.8,23.7,167.5,463.5,169.5,294,36.6,159.2,2523.41,"Dunning","NA","NO","NA","NA","Wetland",3,"2","Carnivore","Aquatic predator","Terrestrial","-1.41","61.14","44.07","-99.18","12219055.66"
"Artemisiospiza nevadensis","Artemisiospiza nevadensis",10430,"Passerellidae","Passeriformes","AVIBASE-55572EBE",2,1,1,0,2,12.9,8.2,5,5.5,21.5,75,14.2,60.8,19,74,18.5,"Updated_literature","Dunning (2021)","NO","NA","NA","Shrubland",2,"3","Herbivore","Granivore","Terrestrial","35.380000000000003","48.24","40.4","-113.36","917710.58"
"Athene cunicularia","Athene cunicularia",2803,"Strigidae","Strigiformes","AVIBASE-B9EE9676",5,2,3,0,4,24.1,15.5,7.9,13.7,43.4,180,51,128.9,28.3,80.2,150.61,"Dunning","NA","NO","NA","NA","Grassland",3,"1","Carnivore","Vertivore","Generalist","-53.49","53.84","3.15","-79.83","14303129.42"
"Auriparus flaviceps","Auriparus flaviceps",7257,"Remizidae","Passeriformes","AVIBASE-A5EFA84D",8,2,6,0,7,9.8,7,3.2,3.9,15,52.1,7.6,45,14.4,48.9,6.8,"Dunning","NA","NO","NA","NA","Shrubland",2,"1","Carnivore","Invertivore","Insessorial","19.05","37.57","28.91","-105.76","1879707.38"
"Aythya affinis","Aythya affinis",491,"Anatidae","Anseriformes","AVIBASE-50566E50",5,2,2,1,4,47.3,29.4,19.6,13.4,34.9,198.2,101,97,51,53.4,819.45,"Dunning","NA","NO","NA","NA","Wetland",3,"3","Omnivore","Aquatic predator","Aquatic","36.75","69.180000000000007","56.73","-119.83","5052907.8600000003"
"Aythya americana","Aythya americana",481,"Anatidae","Anseriformes","AVIBASE-3072CC16",5,2,3,0,4,49.7,33,18.8,14.6,35.7,218.6,104.6,122.4,46,56,1075.69,"Dunning","NA","NO","NA","NA","Wetland",3,"3","Herbivore","Herbivore aquatic","Aquatic","18.510000000000002","67.180000000000007","48.31","-111.33","5111761.2699999996"
"Aythya collaris","Aythya collaris",488,"Anatidae","Anseriformes","AVIBASE-0783A7EA",5,2,3,0,4,51.4,29.9,18.9,13.6,33.2,194.8,92.6,99.4,48.2,57.6,704.55,"Dunning","NA","NO","NA","NA","Wetland",3,"3","Omnivore","Herbivore aquatic","Aquatic","10.039999999999999","68.13","52.28","-100.06","4899833.68"
"Aythya valisineria","Aythya valisineria",482,"Anatidae","Anseriformes","AVIBASE-1929E1E1",4,2,2,0,4,58.5,37,18.8,13.4,37.9,223.5,93.4,130.1,42,52.8,1202,"Dunning","NA","NO","NA","NA","Wetland",3,"3","Herbivore","Herbivore aquatic","Aquatic","37.03","69.38","57","-122.37","3654390.23"
"Baeolophus bicolor","Baeolophus bicolor",7196,"Paridae","Passeriformes","AVIBASE-B488AB70",17,5,10,2,11,13.3,8.8,4.9,5.5,20.5,77.9,12.5,65.2,16.1,68.6,21.6,"Dunning","NA","NO","NA","NA","Forest",1,"1","Carnivore","Invertivore","Insessorial","25.84","45.77","36.97","-86.71","2969712.5"
"Baeolophus ridgwayi","Baeolophus ridgwayi",7198,"Paridae","Passeriformes","AVIBASE-E366AB90",4,2,2,0,4,11.7,8.3,4.2,5.1,20.8,72.5,7.7,64.8,10.5,63.4,15.86,"Dunning","NA","NO","NA","NA","Woodland",2,"1","Omnivore","Invertivore","Insessorial","31","43.74","37.9","-111.91","1056208.76"
"Bartramia longicauda","Bartramia longicauda",2446,"Scolopacidae","Charadriiformes","AVIBASE-BF1DA86E",5,2,3,0,4,32.9,21.5,3.4,3.8,48.7,159,83.7,74.8,52.9,79.4,158.92,"Dunning","NA","NO","NA","NA","Grassland",3,"3","Carnivore","Invertivore","Terrestrial","35.81","69.33","49.36","-105.81","3282893.45"
"Bombycilla cedrorum","Bombycilla cedrorum",9375,"Bombycillidae","Passeriformes","AVIBASE-9437D635",10,4,6,0,4,15.1,6.6,4.5,4.9,16.7,95.4,33.5,62,35.1,59.8,31.58,"Dunning","NA","NO","NA","NA","Woodland",2,"3","Herbivore","Frugivore","Insessorial","33.450000000000003","60.2","47.88","-97.87","7437954.1399999997"
"Bonasa umbellus","Bonasa umbellus",352,"Phasianidae","Galliformes","AVIBASE-6D2B5CDA",5,1,3,1,4,25.4,13.3,10,9.7,42.2,183.2,69.8,112.2,38.3,152,530.91,"Dunning","NA","NO","NA","NA","Shrubland",1,"1","Herbivore","Herbivore terrestrial","Generalist","33.94","67.56","52.89","-105.75","8071254.3300000001"
"Botaurus lentiginosus","Botaurus lentiginosus",2202,"Ardeidae","Pelecaniformes","AVIBASE-13E9F9B4",5,2,3,0,4,82.4,58.6,10.7,15.2,89.7,270.8,84.7,180.1,32,88.6,706,"Dunning","NA","NO","NA","NA","Wetland",1,"3","Carnivore","Aquatic predator","Terrestrial","19.3","63.22","48.37","-97.84","8778053.1400000006"
"Branta canadensis","Branta canadensis",408,"Anatidae","Anseriformes","AVIBASE-B59E1863",10,5,3,2,8,50,28.2,19.9,15.3,73.3,422.9,206.5,210.9,49.4,121.6,2811.68,"Dunning","NA","NO","NA","NA","Grassland",3,"3","Herbivore","Herbivore terrestrial","Terrestrial","26.42","73.069999999999993","53.3","-104.21","12236810.449999999"
"Bubo virginianus","Bubo virginianus",2926,"Strigidae","Strigiformes","AVIBASE-FC366114",4,2,2,0,4,44.7,24.7,17.8,25.4,75.4,371.2,112.7,258.5,30.4,197,1354.5,"Updated_literature","Earhart & Johnson (1970)","NO","NA","NA","Forest",2,"1","Carnivore","Vertivore","Insessorial","-35.799999999999997","68.52","34.04","-94.19","24426738.59"
"Bubulcus ibis","Bubulcus ibis",2232,"Ardeidae","Pelecaniformes","AVIBASE-6CCDAC53",14,7,7,0,10,63.3,43.5,8.6,11.5,76.8,244.4,73,171.2,29.9,90.9,365.95,"Dunning","NA","NO","NA","NA","Human Modified",3,"2","Carnivore","Omnivore","Terrestrial","-55.98","58.29","5.0999999999999996","-2.69","62451101.719999999"
"Buteo jamaicensis","Buteo jamaicensis",3196,"Accipitridae","Accipitriformes","AVIBASE-536A5157",5,2,3,0,4,37.6,22.9,14.4,20.2,80.9,402.8,139.9,270.8,34.1,212.2,1101.16,"Dunning","NA","NO","NA","NA","Woodland",2,"3","Carnivore","Vertivore","Insessorial","8.36","68.66","45.5","-105.33","15462822.34"
"Buteo lineatus","Buteo lineatus",3188,"Accipitridae","Accipitriformes","AVIBASE-EA4D6C0B",5,2,2,1,4,33.1,20.3,11.8,16.3,74.1,319,106.9,212.8,33.4,172.8,603.72,"Dunning","NA","NO","NA","NA","Woodland",1,"3","Carnivore","Vertivore","Aerial","24.95","47.85","37.72","-86.88","3542030.5"
"Buteo platypterus","Buteo platypterus",3189,"Accipitridae","Accipitriformes","AVIBASE-79F3C681",13,6,7,0,4,28.3,17.8,11.1,14.4,53.4,277.7,103.7,177.4,36.9,178.8,453.65,"Dunning","NA","NO","NA","NA","Forest",2,"3","Carnivore","Vertivore","Insessorial","11.13","55.3","42.9","-87.09","4864047.78"
"Buteo regalis","Buteo regalis",3199,"Accipitridae","Accipitriformes","AVIBASE-BA9191BC",5,2,3,0,4,41.3,23.8,18.3,20.2,81.6,431,179.2,254.5,41.3,240.6,1437.18,"Dunning","NA","NO","NA","NA","Grassland",3,"3","Carnivore","Vertivore","Generalist","33.21","53.3","43.14","-108.76","2780053.23"
"Buteo swainsoni","Buteo swainsoni",3193,"Accipitridae","Accipitriformes","AVIBASE-DE473F42",6,2,3,1,4,35.3,21,13.6,16.6,60.7,383.7,175.2,201.8,46.6,193.6,946.61,"Dunning","NA","NO","NA","NA","Grassland",3,"3","Carnivore","Vertivore","Insessorial","24.73","57.08","40.950000000000003","-107.07","4303055.16"
"Butorides virescens","Butorides striata",2225,"Ardeidae","Pelecaniformes","AVIBASE-9973F7CE",31,11,11,9,13,69.2,51.8,9.1,11.2,49.7,175.9,53.2,125.5,29.8,63.6,201.5,"Dunning","NA","NO","NA","NA","Wetland",3,"1","Carnivore","Aquatic predator","Terrestrial","-41.16","54.29","7.56","7.37","53556698.289999999"
"Calamospiza melanocorys","Calamospiza melanocorys",10306,"Passerellidae","Passeriformes","AVIBASE-938C5572",5,2,3,0,4,17.6,10.6,6.5,9,24,86.6,20.9,64.9,24.3,64.5,37.6,"Dunning","NA","NO","NA","NA","Grassland",3,"3","Omnivore","Omnivore","Generalist","32.369999999999997","52.04","43.6","-103.81","1660961.79"
"Calcarius ornatus","Calcarius ornatus",10247,"Calcariidae","Passeriformes","AVIBASE-B64C1B1D",6,2,4,0,5,11.6,7.5,4.4,5.2,20,78.6,21,57.9,26.7,56.5,20.3,"Dunning","NA","NO","NA","NA","Grassland",3,"3","Omnivore","Granivore","Terrestrial","39.909999999999997","51.9","47.96","-105.5","799140.65"
"Callipepla californica","Callipepla californica",160,"Odontophoridae","Galliformes","AVIBASE-F93AC929",5,2,3,0,4,14.1,7.2,5.6,6.8,28.5,108.2,28.3,79.5,26.2,82.2,165.7,"Dunning","NA","NO","NA","NA","Shrubland",2,"1","Herbivore","Omnivore","Terrestrial","22.87","51.77","40.86","-118.9","1087257.04"
"Callipepla gambelii","Callipepla gambelii",159,"Odontophoridae","Galliformes","AVIBASE-C1ED9F86",4,2,2,0,4,14.9,9.6,6.3,6.6,30.7,112.8,32,80.8,28.4,87.8,165.95,"Dunning","NA","NO","NA","NA","Shrubland",2,"1","Herbivore","Omnivore","Terrestrial","24.58","40.03","33.22","-111.07","542153.29"
"Callipepla squamata","Callipepla squamata",157,"Odontophoridae","Galliformes","AVIBASE-C46EEE59",5,2,3,0,4,14,8.2,6,6.9,31.7,116,27.8,87.4,24.2,79.4,183.86,"Dunning","NA","NO","NA","NA","Shrubland",3,"1","Herbivore","Omnivore","Terrestrial","20.66","38.94","29.9","-103.66","1414278.24"
"Calypte anna","Calypte anna",1557,"Trochilidae","Caprimulgiformes","AVIBASE-42393721",5,2,3,0,3,20.6,15.7,1.6,1.7,4.6,49,32.1,16.9,65.6,30,4.24,"Dunning","NA","NO","NA","NA","Woodland",2,"2","Herbivore","Nectarivore","Aerial","28.86","49.69","37.61","-118.56","493015.73"
"Campylorhynchus brunneicapillus","Campylorhynchus brunneicapillus",8628,"Troglodytidae","Passeriformes","AVIBASE-891F222F",5,2,3,0,4,26.1,16.4,4,5.7,26.2,83.2,11.3,70.7,13.7,86.4,38.9,"Dunning","NA","NO","NA","NA","Shrubland",3,"1","Carnivore","Invertivore","Insessorial","19.309999999999999","38.69","29.03","-105.91","1847263.76"
"Cardellina canadensis","Cardellina canadensis",10666,"Parulidae","Passeriformes","AVIBASE-F2D675AF",51,15,24,12,4,13,7.2,4,3.6,19.2,62.5,16.5,47.3,25.9,52.7,10.04,"Dunning","NA","NO","NA","NA","Forest",1,"3","Carnivore","Invertivore","Insessorial","34.65","60.45","49.78","-87.55","2768373.43"
"Cardellina pusilla","Cardellina pusilla",10667,"Parulidae","Passeriformes","AVIBASE-1F09CCCC",21,10,11,0,4,11.6,6.6,3.2,3.1,17.9,56.3,11.5,44.1,20.7,48.1,6.96,"Dunning","NA","NO","NA","NA","Forest",1,"3","Carnivore","Invertivore","Insessorial","34.29","69.66","56.95","-113.01","7961357.2400000002"
"Cardinalis cardinalis","Cardinalis cardinalis",10744,"Cardinalidae","Passeriformes","AVIBASE-4E74AE22",64,24,40,0,8,17.6,14.7,9.3,12.3,24.5,93.5,14.2,77.7,15.5,101.8,42.64,"Dunning","NA","NO","NA","NA","Shrubland",2,"1","Herbivore","Omnivore","Insessorial","15.65","47.34","34.85","-92.41","5834572.0599999996"
"Cardinalis sinuatus","Cardinalis sinuatus",10746,"Cardinalidae","Passeriformes","AVIBASE-DE21A6BE",10,5,5,0,6,15.3,10.3,7.3,12.6,24.4,93.3,13.9,79.4,14.9,103.2,35.19,"Dunning","NA","NO","NA","NA","Shrubland",2,"1","Herbivore","Omnivore","Generalist","20.3","34.880000000000003","28.26","-104.28","1519386.56"
"Cathartes aura","Cathartes aura",2953,"Cathartidae","Cathartiformes","AVIBASE-36B3872D",6,0,2,4,4,51.5,27.6,14.3,17.2,54,508.5,135.6,369,26.9,244,1518.24,"Dunning","NA","NO","NA","NA","Human Modified",3,"2","Scavenger","Scavenger","Terrestrial","-55.72","54.31","6.76","-77.260000000000005","28126442.739999998"
"Catharus fuscescens","Catharus fuscescens",8899,"Turdidae","Passeriformes","AVIBASE-0B8F4EE6",13,6,6,1,8,17.6,10,4.4,4.2,29.2,97,27.7,69.4,28.5,69.3,31.9,"Dunning","NA","NO","NA","NA","Forest",1,"3","Carnivore","Invertivore","Terrestrial","34.700000000000003","55.97","47.14","-95.63","3681872.46"
"Catharus guttatus","Catharus guttatus",8902,"Turdidae","Passeriformes","AVIBASE-B01E8BD4",9,4,5,0,4,18.8,9.2,3.4,3.7,28.9,89,24,65.3,26.9,67.7,30.1,"Dunning","NA","NO","NA","NA","Forest",1,"3","Omnivore","Invertivore","Generalist","30.97","65.83","51.07","-107.41","8383811.9199999999"
"Catharus ustulatus","Catharus ustulatus",8898,"Turdidae","Passeriformes","AVIBASE-AC269ED8",31,5,5,21,6,16.6,9.5,4.4,4.1,29.6,96.8,29.7,67.2,30.6,67.1,30.3,"Dunning","NA","NO","NA","NA","Forest",1,"3","Omnivore","Invertivore","Insessorial","32.94","59.64","49.34","-125.97","489246.29"
"Catherpes mexicanus","Catherpes mexicanus",8588,"Troglodytidae","Passeriformes","AVIBASE-EAD14427",5,2,3,0,4,23.9,15.7,3.2,3.4,18.6,64.3,8.3,55.3,13.2,56,11.97,"Dunning","NA","NO","NA","NA","Rock",3,"1","Carnivore","Invertivore","Insessorial","15.83","51.83","35.18","-109.73","4298192.46"
"Centronyx henslowii","Passerculus henslowii",10439,"Passerellidae","Passeriformes","AVIBASE-CDA2F827",9,4,5,0,8,13.6,8.4,4.4,6.8,16.7,54.7,8.5,45.8,15.6,49.9,12.8,"Dunning","NA","NO","NA","NA","Grassland",3,"2","Omnivore","Omnivore","Generalist","35.17","45.94","40.85","-87.72","1306487.74"
"Certhia americana","Certhia americana",8533,"Certhiidae","Passeriformes","AVIBASE-BAC33609",6,3,3,0,4,16.2,9.6,2,2.8,14.2,63.6,15.3,48.2,24.1,63.3,8.1,"Dunning","NA","NO","NA","NA","Forest",1,"1","Carnivore","Invertivore","Insessorial","12.86","63.31","45.97","-101.91","6543644.5"
"Chaetura pelagica","Chaetura pelagica",1136,"Apodidae","Caprimulgiformes","AVIBASE-C3AD1AFF",5,1,3,1,4,6.3,3.5,2.9,2.4,11.6,124.4,86.8,36.6,70.3,43.8,23.6,"Dunning","NA","NO","NA","NA","Human Modified",1,"3","Carnivore","Invertivore","Aerial","25.48","53.93","40.950000000000003","-88.88","5841319.1699999999"
"Chamaea fasciata","Chamaea fasciata",8099,"Sylviidae","Passeriformes","AVIBASE-989B57D8",5,2,3,0,4,12.8,6.7,3,3.8,24.9,58,6.8,50.9,11.8,83.4,14.73,"Dunning","NA","NO","NA","NA","Shrubland",2,"1","Omnivore","Invertivore","Insessorial","30.04","46.17","37.92","-120.9","246063.25"
"Charadrius vociferus","Charadrius vociferus",2373,"Charadriidae","Charadriiformes","AVIBASE-BCF9A19A",4,2,2,0,4,21.5,13.1,3.5,4.2,34.4,158.8,83.5,75.2,52.6,85.8,96.44,"Dunning","NA","NO","NA","NA","Wetland",3,"3","Carnivore","Omnivore","Terrestrial","-18.690000000000001","68.94","44.7","-102.9","14759088.1"
"Chlidonias niger","Chlidonias niger",2658,"Laridae","Charadriiformes","AVIBASE-115AF02D",10,4,5,1,8,31.1,18.4,3.5,5.4,15.8,201.7,123.7,75,62.1,77.8,65.3,"Dunning","NA","NO","NA","NA","Wetland",3,"3","Carnivore","Aquatic predator","Aerial","35.729999999999997","63.05","50.61","-10.11","12943719.560000001"
"Chondestes grammacus","Chondestes grammacus",10305,"Passerellidae","Passeriformes","AVIBASE-78509A5D",5,2,3,0,4,15.1,9.7,5.1,7.1,20.1,85.5,24.7,60.9,28.8,64.3,29,"Dunning","NA","NO","NA","NA","Shrubland",3,"2","Herbivore","Granivore","Generalist","20.37","52.1","38.78","-103.76","5604939.2400000002"
"Chordeiles minor","Chordeiles minor",1005,"Caprimulgidae","Caprimulgiformes","AVIBASE-24E39ACD",10,4,2,4,4,12.7,6.1,3.3,2.7,16.7,192.8,118.7,76.6,60.7,104,79.3,"Dunning","NA","NO","NA","NA","Grassland",3,"3","Carnivore","Invertivore","Aerial","7.21","65.400000000000006","45.23","-100.42","13037233.58"
"Cinclus mexicanus","Cinclus mexicanus",8678,"Cinclidae","Passeriformes","AVIBASE-A5EC8BF5",5,2,3,0,4,21.6,11.7,3.4,4.8,29.8,89.1,23.6,65.3,26.5,51.8,56.68,"Dunning","NA","NO","NA","NA","Riverine",3,"1","Carnivore","Aquatic predator","Generalist","8.36","69.599999999999994","52.35","-128.75","4910744.04"
"Circus hudsonius","Circus hudsonius",3079,"Accipitridae","Accipitriformes","AVIBASE-A091D50A",4,2,2,0,4,31.1,17.2,10.1,13.2,82,360.9,161.1,199.8,44.6,212.9,392.98,"DataFromSplit","NA","NO","NA","NA","Grassland",3,"3","Carnivore","Vertivore","Aerial","30.02","69.8","52.86","-111.67","12347245.550000001"
"Cistothorus palustris","Cistothorus palustris",8612,"Troglodytidae","Passeriformes","AVIBASE-787E0536",4,2,2,0,4,16,9.9,2.7,3.4,19.2,48.4,9.7,38.7,20,39.5,10.8,"Dunning","NA","NO","NA","NA","Wetland",3,"2","Carnivore","Invertivore","Insessorial","19.329999999999998","59.35","44.47","-102.65","4855077.99"
"Coccothraustes vespertinus","Hesperiphona vespertina",10060,"Fringillidae","Passeriformes","AVIBASE-C6B5497C",5,2,3,0,4,22.7,16,10.5,14.5,21.4,109.8,37.6,72.4,34.2,67.2,57.3,"Dunning","NA","NO","NA","NA","Forest",1,"2","Herbivore","Omnivore","Insessorial","17.03","60.61","47.25","-102.49","3942604.88"
"Coccyzus americanus","Coccyzus americanus",1653,"Cuculidae","Cuculiformes","AVIBASE-0CF12F81",12,3,7,2,4,29.2,20,7,8.2,24.5,143.4,62.4,82.6,43,146.3,64,"Dunning","NA","NO","NA","NA","Forest",1,"3","Carnivore","Invertivore","Insessorial","-14.02","48.99","36.04","-90.96","5270361.03"
"Coccyzus erythropthalmus","Coccyzus erythropthalmus",1658,"Cuculidae","Cuculiformes","AVIBASE-41E9F54B",5,2,3,0,4,27,17,5.7,6.6,22.9,136.9,55.3,80.3,40.8,143.4,50.9,"Dunning","NA","NO","NA","NA","Forest",1,"3","Carnivore","Invertivore","Insessorial","32.020000000000003","55.74","43.59","-90.65","4944717.1399999997"
"Colaptes auratus auratus","Colaptes auratus",3870,"Picidae","Piciformes","AVIBASE-2B7F2525",14,7,7,0,10,38.4,27.6,8.2,7.9,28.4,151.8,37.5,114.3,24.8,105.3,131.46,"Dunning","NA","NO","NA","NA","Shrubland",2,"2","Carnivore","Invertivore","Generalist","19.260000000000002","68.709999999999994","50.48","-99.78","10804791.76"
"Colaptes auratus cafer","Colaptes cafer",3868,"Picidae","Piciformes","AVIBASE-6CC34F06",10,5,5,0,10,42.3,30.6,8.6,7.9,29.7,166.6,40.9,125.7,24.5,116.3,131.46,"DataFromSplit","NA","NO","NA","NA","Shrubland",2,"2","Carnivore","Invertivore","Generalist","15.82","66.150000000000006","48.09","-119.63","6674670.2300000004"
"Colinus virginianus","Colinus virginianus",153,"Odontophoridae","Galliformes","AVIBASE-91CCBC71",4,2,2,0,4,14.9,8.6,7,8.4,29.6,109.8,30.3,79.4,27.6,56.8,171.89,"Dunning","NA","NO","NA","NA","Human Modified",2,"1","Herbivore","Omnivore","Terrestrial","14.51","45.69","34.479999999999997","-91.61","4364464.18"
"Columbina inca","Columbina inca",719,"Columbidae","Columbiformes","AVIBASE-BFE74235",10,4,5,1,4,16.1,7.1,3.5,3.8,15.5,92.5,24.2,69,26,88.7,47.5,"Dunning","NA","NO","NA","NA","Human Modified",3,"1","Herbivore","Granivore","Terrestrial","8.7100000000000009","36.86","26.18","-102.15","2760667.85"
"Contopus cooperi","Contopus cooperi",5888,"Tyrannidae","Passeriformes","AVIBASE-951C150C",8,3,4,1,4,19.9,12.2,8.5,6.5,14.7,104.7,38.5,63.2,37.9,68.8,32.1,"Dunning","NA","NO","NA","NA","Forest",1,"3","Carnivore","Invertivore","Insessorial","29.44","68.45","51.88","-110.87","9652028.6500000004"
"Contopus sordidulus","Contopus sordidulus",5893,"Tyrannidae","Passeriformes","AVIBASE-F6CA75F0",14,5,5,4,4,16.4,9.2,6.4,4.1,13.8,82.6,29,57.7,33.5,60.2,13.1,"Dunning","NA","NO","NA","NA","Forest",1,"3","Carnivore","Invertivore","Insessorial","7.31","67.81","45.91","-116.12","6939803.4400000004"
"Contopus virens","Contopus virens",5894,"Tyrannidae","Passeriformes","AVIBASE-9891BF73",19,3,7,9,4,14.3,10,6.3,4,14.2,81,25.6,57,31,62.7,13.9,"Dunning","NA","NO","NA","NA","Forest",1,"3","Carnivore","Invertivore","Insessorial","27.9","50.6","40.17","-86.94","4080253.15"
"Corvus brachyrhynchos","Corvus brachyrhynchos",6985,"Corvidae","Passeriformes","AVIBASE-9E9F2476",13,4,9,0,4,51.1,35.4,14.7,17.7,59.3,309.6,109.1,199.9,35.3,177.3,448.76,"Dunning","NA","NO","NA","NA","Human Modified",2,"2","Omnivore","Omnivore","Terrestrial","24.53","63.75","46.23","-97.42","11573830.539999999"
"Corvus corax","Corvus corax",6979,"Corvidae","Passeriformes","AVIBASE-B9B272F4",46,15,31,0,10,77,49.2,21.9,27.9,67.1,419.7,167.2,252.7,39.8,228.7,927.97,"Dunning","NA","NO","NA","NA","Forest",3,"2","Omnivore","Omnivore","Terrestrial","12.76","83.11","54.65","18.59","52288449.5"
"Corvus cryptoleucus","Corvus cryptoleucus",6980,"Corvidae","Passeriformes","AVIBASE-F3B84E07",10,3,7,0,4,55.8,34.3,17.2,20.1,59.5,351.1,146.7,204.4,41.7,181.5,533.54,"Dunning","NA","NO","NA","NA","Grassland",3,"1","Carnivore","Omnivore","Terrestrial","20.83","38.76","29.63","-103.06","1195845.67"
"Corvus ossifragus","Corvus ossifragus",6971,"Corvidae","Passeriformes","AVIBASE-43E56D2C",13,4,9,0,4,43.3,27.2,13.8,14.8,47.1,276.7,100.6,176.2,36.3,157.1,284.6,"Dunning","NA","NO","NA","NA","Coastal",3,"1","Omnivore","Omnivore","Terrestrial","24.53","44.92","33.75","-84.16","970986.53"
"Cyanocitta cristata","Cyanocitta cristata",7025,"Corvidae","Passeriformes","AVIBASE-1DA430B8",11,2,9,0,4,29.9,18.6,10.1,8.9,34.7,130,22.9,108.3,17.4,121.4,88,"Dunning","NA","NO","NA","NA","Woodland",2,"1","Omnivore","Omnivore","Terrestrial","24.53","56.76","43.18","-90.29","6665383.1600000001"
"Cyanocitta stelleri","Cyanocitta stelleri",7026,"Corvidae","Passeriformes","AVIBASE-2225D685",10,2,8,0,4,33.7,21.1,10.2,9.5,43,145.8,20,125.8,13.6,133.2,128,"Dunning","NA","NO","NA","NA","Forest",1,"1","Omnivore","Omnivore","Insessorial","12.8","61.65","41.95","-116.24","3560822.24"
"Dolichonyx oryzivorus","Dolichonyx oryzivorus",10449,"Icteridae","Passeriformes","AVIBASE-F845062F",5,2,3,0,4,16.2,9.8,5.9,7.6,26.5,90.2,32,58.5,35.4,61.8,31.46,"Dunning","NA","NO","NA","NA","Grassland",1,"3","Omnivore","Granivore","Generalist","32.380000000000003","54.24","45.77","-93.09","3883605.76"
"Dryobates pubescens","Dryobates pubescens",3972,"Picidae","Piciformes","AVIBASE-1B2A6386",11,5,6,0,5,17.4,12.2,4.9,4.8,15.8,91.3,24.3,65.9,27,58.6,25.55,"Dunning","NA","NO","NA","NA","Woodland",2,"1","Carnivore","Invertivore","Insessorial","24.53","68.3","48.23","-104.67","12800223.82"
"Dryobates scalaris","Dryobates scalaris",3973,"Picidae","Piciformes","AVIBASE-2CE418F2",4,2,2,0,3,19,13.8,6.9,6.3,17.8,96.8,23.8,73,24.6,58.2,31.59,"Dunning","NA","NO","NA","NA","Shrubland",2,"1","Carnivore","Invertivore","Insessorial","12.26","39.33","27.02","-103.2","2902465.04"
"Dryobates villosus","Leuconotopicus villosus",3975,"Picidae","Piciformes","AVIBASE-9D06AF89",11,5,5,1,4,31.6,24.1,8.2,8.1,23.1,126.7,32.4,95.5,25.3,81.7,62.65,"Dunning","NA","NO","NA","NA","Forest",1,"1","Carnivore","Invertivore","Insessorial","8.48","68.73","47.81","-105.59","13332874.439999999"
"Dryocopus pileatus","Hylatomus pileatus",3900,"Picidae","Piciformes","AVIBASE-00635FF9",7,3,4,0,3,52.1,37.4,14.6,11.9,29.3,228.4,56.4,166.6,25.3,167.3,286.59,"Dunning","NA","NO","NA","NA","Forest",1,"1","Carnivore","Invertivore","Insessorial","24.53","58.16","45.18","-93.77","5925872.3200000003"
"Dumetella carolinensis","Dumetella carolinensis",8816,"Mimidae","Passeriformes","AVIBASE-95B77F08",16,5,5,6,7,19.2,11.1,4,4.8,27.4,90.7,16.8,73.4,18.6,90.3,35.3,"Dunning","NA","NO","NA","NA","Shrubland",1,"3","Omnivore","Invertivore","Insessorial","28.33","55.06","42.61","-95.25","6824562.1200000001"
"Egretta thula","Egretta thula",2257,"Ardeidae","Pelecaniformes","AVIBASE-AA7901D8",8,1,6,1,4,86.3,69.2,9.4,12,93.3,252.8,79.8,167.3,31.9,110.3,371,"Dunning","NA","NO","NA","NA","Wetland",3,"2","Carnivore","Aquatic predator","Terrestrial","-43.4","45.35","3.56","-70.78","19270773.23"
"Empidonax alnorum","Empidonax alnorum",5880,"Tyrannidae","Passeriformes","AVIBASE-33808812",34,7,3,24,3,15.2,8.5,5.8,4,17.3,68.4,12.4,52.2,19.2,56.1,12.7,"Dunning","NA","NO","NA","NA","Shrubland",1,"3","Carnivore","Invertivore","Insessorial","34.11","68.27","54.6","-104.41","7110677.0199999996"
"Empidonax difficilis","Empidonax difficilis",5876,"Tyrannidae","Passeriformes","AVIBASE-44A20283",5,2,3,0,4,14.4,8.2,5.2,3.3,16,65,14.1,50.5,21.8,58.2,10.7,"Dunning","NA","NO","NA","NA","Forest",1,"3","Carnivore","Invertivore","Insessorial","22.93","60.17","49.1","-123.85","864986.35"
"Empidonax hammondii","Empidonax hammondii",5885,"Tyrannidae","Passeriformes","AVIBASE-1EB2595E",4,2,2,0,4,12.3,7.1,4.1,3,14.6,66.6,15.4,51.2,23.1,53.8,10.44,"Dunning","NA","NO","NA","NA","Forest",1,"3","Carnivore","Invertivore","Insessorial","35.89","67.7","51.42","-125.11","2762701.72"
"Empidonax minimus","Empidonax minimus",5884,"Tyrannidae","Passeriformes","AVIBASE-F5837054",18,2,3,13,4,12.4,7.6,5.4,3.5,15.9,61.1,14.2,47.9,22.8,50.8,10,"Dunning","NA","NO","NA","NA","Forest",1,"3","Carnivore","Invertivore","Insessorial","39.58","65.34","51.73","-102.26","5753545.2400000002"
"Empidonax oberholseri","Empidonax oberholseri",5886,"Tyrannidae","Passeriformes","AVIBASE-499FFF98",4,2,2,0,4,13.5,7.8,4.6,3.2,17.5,66.6,12.5,54.1,18.7,60.6,10.4,"Dunning","NA","NO","NA","NA","Forest",2,"3","Carnivore","Invertivore","Insessorial","30.8","60.8","44.18","-116.17","2680790.46"
"Empidonax occidentalis","Empidonax occidentalis",5877,"Tyrannidae","Passeriformes","AVIBASE-6FD04659",10,2,6,2,4,16.2,8.3,5.4,3.7,16.3,66.7,13.3,51.2,20.6,64,11.6,"Dunning","NA","NO","NA","NA","Forest",1,"3","Carnivore","Invertivore","Insessorial","15.97","57.1","38.020000000000003","-110.22","2350983.86"
"Empidonax traillii","Empidonax traillii",5879,"Tyrannidae","Passeriformes","AVIBASE-5BC4E0EF",15,2,2,11,4,13.1,8.5,5.9,4.3,18.4,66.5,16.2,52.6,23.5,59.1,13.39,"Dunning","NA","NO","NA","NA","Shrubland",2,"3","Carnivore","Invertivore","Insessorial","29.5","56","42.25","-103.28","7301691.6100000003"
"Empidonax virescens","Empidonax virescens",5873,"Tyrannidae","Passeriformes","AVIBASE-2778A3F4",48,5,8,35,5,13.3,9.1,6.1,4,17.1,71,19.9,52.1,27.5,58.8,12.6,"Dunning","NA","NO","NA","NA","Forest",2,"3","Carnivore","Invertivore","Insessorial","26.59","45.34","36.729999999999997","-87.99","3006134.68"
"Empidonax wrightii","Empidonax wrightii",5883,"Tyrannidae","Passeriformes","AVIBASE-DACF7A98",4,1,3,0,4,14.8,8.6,4.5,3.6,18,72,15.3,56.7,21.3,60.6,12.3,"Dunning","NA","NO","NA","NA","Shrubland",2,"3","Carnivore","Invertivore","Insessorial","32.08","50.39","39.58","-113.24","1149378.23"
"Eremophila alpestris","Eremophila alpestris",7331,"Alaudidae","Passeriformes","AVIBASE-FC0A1D95",14,6,8,0,4,13.9,9.2,4.2,5,23.5,108.1,41.7,66.2,38.6,71.4,33.33,"Dunning","NA","NO","NA","NA","Grassland",3,"3","Omnivore","Omnivore","Terrestrial","4.0599999999999996","77.73","53.86","4.6100000000000003","35118904.890000001"
"Euphagus cyanocephalus","Euphagus cyanocephalus",10534,"Icteridae","Passeriformes","AVIBASE-EA5E858A",5,2,3,0,4,22.6,14.4,5.8,7.5,31,126.4,39.1,86.2,31.2,100.6,62.48,"Dunning","NA","NO","NA","NA","Human Modified",3,"2","Carnivore","Omnivore","Terrestrial","30.05","62.06","46.92","-110.63","5280448.2699999996"
"Falco mexicanus","Falco mexicanus",4073,"Falconidae","Falconiformes","AVIBASE-BBFF0963",5,2,3,0,4,31.1,20,13.8,16.5,55.6,325,166,163.2,50.5,188.4,713.07,"Dunning","NA","NO","NA","NA","Grassland",3,"3","Carnivore","Vertivore","Aerial","23.33","53.54","40.14","-111.4","3975634.14"
"Falco sparverius","Falco sparverius",4045,"Falconidae","Falconiformes","AVIBASE-20C2214E",7,1,5,1,4,17.1,11,8.4,10.1,33.7,182.4,77.9,100.1,43.7,126.5,114.61,"Dunning","NA","NO","NA","NA","Grassland",3,"3","Carnivore","Omnivore","Insessorial","-54.28","68.66","22.05","-87.91","26638648.91"
"Fulica americana","Fulica americana",1887,"Rallidae","Gruiformes","AVIBASE-4FB248BA",11,4,4,3,10,37.3,14.8,5.9,10.7,54.8,183.1,65.8,115.7,36.3,50.6,636.74,"Dunning","NA","NO","NA","NA","Wetland",3,"2","Herbivore","Herbivore aquatic","Aquatic","4.7699999999999996","62.69","42.59","-104.08","10934633.24"
"Gallinago delicata","Gallinago delicata",2517,"Scolopacidae","Charadriiformes","AVIBASE-F5C8516D",5,2,3,0,4,66.9,57.7,4.6,6.6,29.4,128.4,59.5,68.5,46.5,55,112.94,"DataFromSplit","NA","NO","NA","NA","Wetland",3,"3","Carnivore","Aquatic predator","Terrestrial","36.270000000000003","71.39","54.89","-111.33","11985774.529999999"
"Gallinula galeata","Gallinula galeata",1876,"Rallidae","Gruiformes","AVIBASE-3EF081A8",7,4,3,0,4,31.4,15.8,5.4,9.8,51.1,176.1,57.9,120.5,32.4,74.9,339.63,"DataFromSplit","NA","NO","NA","NA","Wetland",3,"1","Omnivore","Omnivore","Terrestrial","-37.119999999999997","48.06","5.81","-71.22","13770097.15"
"Gavia immer","Gavia immer",1969,"Gaviidae","Gaviiformes","AVIBASE-7E022378",5,2,3,0,4,97,60.1,10.5,23,86.1,365.2,178,183.2,49.3,59,4956.81,"Dunning","NA","NO","NA","NA","Wetland",3,"3","Carnivore","Aquatic predator","Aquatic","41.9","80.83","58.02","-101.26","9453280.1199999992"
"Geococcyx californianus","Geococcyx californianus",1580,"Cuculidae","Cuculiformes","AVIBASE-DB5DABCF",5,3,2,0,4,57.8,35.4,10.1,12.5,59.5,181,12,172,6.5,287.4,376,"Dunning","NA","NO","NA","NA","Shrubland",2,"1","Carnivore","Invertivore","Terrestrial","18.36","40.65","30.77","-104.36","3008009.53"
"Geothlypis formosa","Geothlypis formosa",10588,"Parulidae","Passeriformes","AVIBASE-8C105C3C",19,4,13,2,4,13.8,8.7,3.5,3.7,22.8,66.9,16.6,50,24.9,48.1,14,"Dunning","NA","NO","NA","NA","Forest",1,"3","Carnivore","Invertivore","Generalist","29.58","44.47","36.24","-86.53","1970256.38"
"Geothlypis philadelphia","Geothlypis philadelphia",10587,"Parulidae","Passeriformes","AVIBASE-1A0096F2",71,29,28,14,7,12.5,8,3.3,3.6,22.1,59,15.1,44.7,25.3,47.8,11.74,"Dunning","NA","NO","NA","NA","Forest",1,"3","Carnivore","Invertivore","Insessorial","37.6","59.93","49.89","-89.66","2709565.27"
"Geothlypis tolmiei","Geothlypis tolmiei",10586,"Parulidae","Passeriformes","AVIBASE-85106518",11,5,6,0,10,13.4,7.7,3,3.3,20.9,58.1,13.2,44.5,22.9,52.9,10.4,"Dunning","NA","NO","NA","NA","Forest",1,"3","Carnivore","Invertivore","Generalist","24.17","60.52","47.17","-118.73","2622229.48"
"Geothlypis trichas","Geothlypis trichas",10595,"Parulidae","Passeriformes","AVIBASE-BA4C8A02",23,7,16,0,5,12.7,7.9,3,3.3,20.2,54.7,8.5,44.3,16.1,49.4,9.54,"Dunning","NA","NO","NA","NA","Wetland",1,"3","Carnivore","Invertivore","Insessorial","18.489999999999998","65.84","44.7","-101.34","12826786.25"
"Gymnorhinus cyanocephalus","Gymnorhinus cyanocephalus",7019,"Corvidae","Passeriformes","AVIBASE-A6905B3C",9,2,7,0,4,37.9,23.8,8.3,8.8,37.7,147.8,39.2,107.8,26.6,106.2,104.82,"Dunning","NA","NO","NA","NA","Forest",2,"2","Omnivore","Omnivore","Generalist","30.16","46.72","39.049999999999997","-111.57","1284048.8899999999"
"Haemorhous cassinii","Haemorhous cassinii",10153,"Fringillidae","Passeriformes","AVIBASE-AC1E519F",5,2,3,0,4,14,10.3,7.4,8.9,17.5,90.2,25.6,63.5,28.8,61.5,26.5,"Dunning","NA","NO","NA","NA","Forest",2,"1","Herbivore","Granivore","Insessorial","30.32","53.51","43.11","-114.16","1502229.58"
"Haemorhous mexicanus","Haemorhous mexicanus",10152,"Fringillidae","Passeriformes","AVIBASE-89431E9F",5,2,3,0,4,10.6,8.4,6.6,8.2,17.4,77.2,21.2,55.8,27.5,66.2,21.4,"Dunning","NA","NO","NA","NA","Shrubland",2,"2","Herbivore","Granivore","Insessorial","16.79","55.29","38.880000000000003","-100.57","10299459.91"
"Haemorhous purpureus","Haemorhous purpureus",10154,"Fringillidae","Passeriformes","AVIBASE-B4EE123D",8,3,5,0,4,12.2,9.1,7.5,9,16.6,81.1,22.8,58.2,28.1,59.5,23.3,"Dunning","NA","NO","NA","NA","Forest",2,"2","Herbivore","Omnivore","Insessorial","32.56","62.24","50.66","-99.96","4534365.72"
"Haliaeetus leucocephalus","Haliaeetus leucocephalus",3142,"Accipitridae","Accipitriformes","AVIBASE-FED3756C",4,2,2,0,4,76,48.2,24,34.1,81.7,601.8,248.8,353,41.4,294,4700.58,"Dunning","NA","NO","NA","NA","Wetland",3,"3","Carnivore","Omnivore","Generalist","24.3","69.430000000000007","54.57","-113.86","9351853.9600000009"
"Helmitheros vermivorum","Helmitheros vermivorum",10563,"Parulidae","Passeriformes","AVIBASE-295C4CD6",10,5,4,1,4,15.3,10.2,3.7,4.5,17.7,68.3,18,50.6,26.2,48.4,14.16,"Dunning","NA","NO","NA","NA","Forest",1,"3","Carnivore","Invertivore","Insessorial","30.13","43.17","36.369999999999997","-85.71","1754178.4"
"Himantopus mexicanus","Himantopus himantopus",2357,"Recurvirostridae","Charadriiformes","AVIBASE-6AC2ABA3",21,8,12,1,16,65.7,49.1,4.5,4.7,110.8,223.8,117.2,107.1,52.2,74,176.82,"Dunning","NA","NO","NA","NA","Wetland",3,"2","Carnivore","Aquatic predator","Terrestrial","-47.29","59.43","16.52","38.950000000000003","56867877.549999997"
"Hylocichla mustelina","Hylocichla mustelina",8896,"Turdidae","Passeriformes","AVIBASE-8E1D9327",17,6,4,7,4,19,11.9,5.1,5.4,32.1,106.5,29,78.9,26.9,71.3,50.09,"Dunning","NA","NO","NA","NA","Forest",1,"3","Omnivore","Invertivore","Generalist","29.12","49.09","40.049999999999997","-83.73","3494414.7"
"Icteria virens","Icteria virens",10447,"Icteridae","Passeriformes","AVIBASE-734C73A9",13,7,5,1,5,16.3,10.5,4.8,6.3,26.1,76.5,16.3,60.5,21.3,71.8,24.89,"Dunning","NA","NO","NA","NA","Forest",2,"1","Carnivore","Invertivore","Insessorial","20.9","53.94","38.56","-103.26","6188045.96"
"Icterus bullockii","Icterus bullockiorum",10493,"Icteridae","Passeriformes","AVIBASE-7E65A952",14,7,7,0,13,20.4,13,4.8,6,23.9,97,25.3,71.2,26.3,77.5,37.9,"Dunning","NA","NO","NA","NA","Forest",2,"3","Carnivore","Invertivore","Insessorial","24.38","51.92","38.26","-110.62","3649427.51"
"Icterus galbula","Icterus galbula",10491,"Icteridae","Passeriformes","AVIBASE-5110842F",23,10,12,1,10,21.1,13.3,5,6.4,23.4,92.1,25.5,67.4,27.4,73.3,32.83,"Dunning","NA","NO","NA","NA","Forest",1,"3","Omnivore","Invertivore","Insessorial","30.82","58.5","43.69","-91.8","4604558.6399999997"
"Icterus parisorum","Icterus parisorum",10484,"Icteridae","Passeriformes","AVIBASE-9EE6D524",5,2,3,0,4,24,15.8,5.3,6.3,22.7,98.9,24,73.7,24.5,87.2,36.48,"Dunning","NA","NO","NA","NA","Shrubland",3,"2","Carnivore","Invertivore","Insessorial","17.23","41.17","29.85","-106.89","1741688.63"
"Icterus spurius","Icterus spurius",10505,"Icteridae","Passeriformes","AVIBASE-E2014696",16,7,9,0,4,17.2,11.6,4.4,5.3,21.5,77,20.9,56.6,26.9,67,19.44,"Dunning","NA","NO","NA","NA","Forest",2,"3","Carnivore","Invertivore","Insessorial","19","50.57","36.74","-92.53","4790205.22"
"Ictinia mississippiensis","Ictinia mississippiensis",3157,"Accipitridae","Accipitriformes","AVIBASE-ACFC8EB6",4,2,2,0,4,23,14.7,11,12.3,37,291.8,156.5,135.2,53.6,150.2,276.03,"Dunning","NA","NO","NA","NA","Woodland",2,"3","Carnivore","Invertivore","Generalist","28.86","42.56","33.57","-92.91","824795.96"
"Junco hyemalis caniceps","Junco hyemalis",10412,"Passerellidae","Passeriformes","AVIBASE-05FF3C9B",8,3,5,0,4,11.6,7.8,4.5,5.3,21.1,75.2,16.4,58.6,21.9,63.8,19.5,"Dunning","NA","NO","NA","NA","Forest",2,"3","Herbivore","Granivore","Generalist","30.59","70.27","53.3","-109.7","10167654.77"
"Junco hyemalis hyemalis","Junco hyemalis",10412,"Passerellidae","Passeriformes","AVIBASE-05FF3C9B",8,3,5,0,4,11.6,7.8,4.5,5.3,21.1,75.2,16.4,58.6,21.9,63.8,19.5,"Dunning","NA","NO","NA","NA","Forest",2,"3","Herbivore","Granivore","Generalist","30.59","70.27","53.3","-109.7","10167654.77"
"Junco hyemalis oreganus","Junco hyemalis",10412,"Passerellidae","Passeriformes","AVIBASE-05FF3C9B",8,3,5,0,4,11.6,7.8,4.5,5.3,21.1,75.2,16.4,58.6,21.9,63.8,19.5,"Dunning","NA","NO","NA","NA","Forest",2,"3","Herbivore","Granivore","Generalist","30.59","70.27","53.3","-109.7","10167654.77"
"Lanius ludovicianus","Lanius ludovicianus",6902,"Laniidae","Passeriformes","AVIBASE-36171C2B",11,2,9,0,4,21.1,12.3,6.5,8.8,27.7,96.4,21.7,74.2,22.6,96.7,51.59,"Dunning","NA","NO","NA","NA","Shrubland",3,"3","Carnivore","Invertivore","Insessorial","16.100000000000001","55.52","38.03","-101.11","8852504.2899999991"
"Larus californicus","Larus californicus",2626,"Laridae","Charadriiformes","AVIBASE-7FCE8A43",4,2,2,0,4,55.7,19.8,7,14.2,57,377,220.2,156.8,58.4,140,683.39,"Dunning","NA","NO","NA","NA","Coastal",3,"2","Omnivore","Omnivore","Terrestrial","37.92","64.010000000000005","52.58","-110","1997786.84"
"Larus delawarensis","Larus delawarensis",2622,"Laridae","Charadriiformes","AVIBASE-23863F65",5,2,2,1,4,48.1,19.6,6.2,13,51.2,366,205.5,160,56.2,133.2,516.31,"Dunning","NA","NO","NA","NA","Coastal",3,"2","Carnivore","Omnivore","Terrestrial","39.94","61.17","50.01","-101.06","5396423.3600000003"
"Leiothlypis celata","Leiothlypis celata",10575,"Parulidae","Passeriformes","AVIBASE-FFF61080",4,1,3,0,4,11.8,7.8,3.8,4,18.4,59.9,13.8,46,23,46.5,9.19,"Dunning","NA","NO","NA","NA","Shrubland",1,"3","Carnivore","Invertivore","Insessorial","30.58","68.989999999999995","54.4","-116.99","7482895.1399999997"
"Leiothlypis ruficapilla","Leiothlypis ruficapilla",10578,"Parulidae","Passeriformes","AVIBASE-183E5F90",5,2,3,0,4,11.6,7,2.8,3.5,16.1,56.8,13.3,43.4,23.6,42.4,8.09,"Dunning","NA","NO","NA","NA","Forest",1,"3","Carnivore","Invertivore","Insessorial","36.29","56.58","47.87","-88.86","2772463.48"
"Leiothlypis virginiae","Leiothlypis virginiae",10579,"Parulidae","Passeriformes","AVIBASE-A97F14D0",5,2,3,0,4,11.6,7.7,3,3.3,16.8,61.1,11.4,48.7,18.9,49.2,8.2,"Dunning","NA","NO","NA","NA","Shrubland",2,"3","Carnivore","Invertivore","Insessorial","30.37","44.14","38.31","-110.17","281000.09999999998"
"Leucophaeus atricilla","Larus atricilla",2609,"Laridae","Charadriiformes","AVIBASE-6CDC3C9C",5,2,3,0,4,44.1,17.1,5.1,10.2,44.8,298.4,166.5,123.2,57.3,111.8,307.41,"Dunning","NA","NO","NA","NA","Marine",3,"2","Carnivore","Aquatic predator","Aerial","4.51","49.01","28.53","-82.49","1565115.04"
"Leucophaeus pipixcan","Larus pipixcan",2608,"Laridae","Charadriiformes","AVIBASE-57C93A74",5,2,3,0,4,39.8,15,4.6,8.6,39.9,279.4,154.5,123,55.6,95.2,280,"Dunning","NA","NO","NA","NA","Coastal",3,"3","Omnivore","Omnivore","Generalist","39.049999999999997","59.36","52.2","-107.25","1433191.74"
"Limnothlypis swainsonii","Limnothlypis swainsonii",10571,"Parulidae","Passeriformes","AVIBASE-D3624203",5,2,3,0,4,17.8,11.4,3.4,4.3,17.7,71.6,17.9,53.9,25,49.6,18.9,"Dunning","NA","NO","NA","NA","Shrubland",1,"3","Carnivore","Invertivore","Terrestrial","28.57","39.159999999999997","33.39","-87.71","1142671.96"
"Limosa fedoa","Limosa fedoa",2456,"Scolopacidae","Charadriiformes","AVIBASE-249AE8DF",4,2,2,0,4,112.5,93.7,6.8,9.2,71.6,224.8,118,106.7,52.5,77.2,357.02,"Dunning","NA","NO","NA","NA","Wetland",3,"3","Carnivore","Aquatic predator","Terrestrial","43.19","57.79","49.74","-104.56","1140759.5"
"Lophodytes cucullatus","Lophodytes cucullatus",435,"Anatidae","Anseriformes","AVIBASE-60E6081E",5,2,3,0,4,39.6,27.6,8.3,9.3,29.2,186.6,95,91.5,50.9,85.6,613.77,"Dunning","NA","NO","NA","NA","Wetland",3,"3","Carnivore","Aquatic predator","Aquatic","29.76","56.35","44.5","-91.96","5510396.5"
"Loxia curvirostra","Loxia curvirostra",10209,"Fringillidae","Passeriformes","AVIBASE-DF660782",17,8,9,0,4,19,16.1,6.8,11.4,16.6,96,36,59.6,37.6,57.3,38.29,"Dunning","NA","NO","NA","NA","Forest",1,"2","Herbivore","Granivore","Insessorial","11.48","69.64","52.38","24.37","22671334.66"
"Mareca americana","Mareca americana",515,"Anatidae","Anseriformes","AVIBASE-D201EB72",5,2,3,0,3,44.9,26.9,16,12.3,34.6,253.2,135.4,116.6,53.7,93.8,754.61,"Dunning","NA","NO","NA","NA","Wetland",3,"3","Herbivore","Omnivore","Terrestrial","35.79","70.64","55.41","-116.72","8979266.4900000002"
"Mareca strepera","Mareca strepera",513,"Anatidae","Anseriformes","AVIBASE-C235A4D7",6,3,3,0,4,48.7,34.7,16.5,13.7,36.5,251.3,137,113,54.8,83,915.58,"Dunning","NA","NO","NA","NA","Wetland",3,"2","Herbivore","Herbivore aquatic","Aquatic","27.64","67.989999999999995","49.62","29.99","18552362.649999999"
"Megaceryle alcyon","Megaceryle alcyon",3446,"Alcedinidae","Coraciiformes","AVIBASE-3558066B",6,3,3,0,4,58.6,44.8,9.5,13.4,12.5,158.8,53.2,105,33.6,94.3,148,"Dunning","NA","NO","NA","NA","Riverine",3,"2","Carnivore","Aquatic predator","Insessorial","26.81","68.33","50.37","-106.94","13996585.380000001"
"Melanerpes carolinus","Melanerpes carolinus",3937,"Picidae","Piciformes","AVIBASE-078557F2",10,4,6,0,5,32.6,21.6,7.1,7.6,21.1,127.2,35.5,90.4,28.2,76.8,69.5,"Dunning","NA","NO","NA","NA","Woodland",1,"1","Omnivore","Omnivore","Insessorial","24.53","46.9","36.96","-88","3074161.82"
"Melanerpes erythrocephalus","Melanerpes erythrocephalus",3920,"Picidae","Piciformes","AVIBASE-448D91B7",6,2,3,1,4,27.3,20.3,7.6,7.4,20.6,139.7,40.6,98.9,29.1,83.3,71.6,"Dunning","NA","NO","NA","NA","Forest",1,"1","Carnivore","Invertivore","Insessorial","25.64","51.7","40.26","-93.26","5461683.2000000002"
"Meleagris gallopavo","Meleagris gallopavo",350,"Phasianidae","Galliformes","AVIBASE-9C5ED06A",5,2,3,0,4,48.6,25.9,17.6,15.3,149.2,448.8,115,332.5,26,351.2,5791.37,"Dunning","NA","NO","NA","NA","Forest",2,"1","Herbivore","Omnivore","Terrestrial","16.91","50.63","37.44","-98.2","7259958.9199999999"
"Melospiza georgiana","Melospiza georgiana",10443,"Passerellidae","Passeriformes","AVIBASE-4E192262",5,2,3,0,4,13.9,8.2,4.1,5.2,21.9,62.3,11.9,50.4,19.1,57,16.1,"Dunning","NA","NO","NA","NA","Wetland",2,"3","Omnivore","Omnivore","Generalist","37.08","66.72","51.29","-92.76","6032762.6399999997"
"Melospiza lincolnii","Melospiza lincolnii",10442,"Passerellidae","Passeriformes","AVIBASE-AF49F890",4,2,2,0,4,13.2,8,4,5.1,20.1,64,14.3,49.7,22.3,56.8,16.6,"Dunning","NA","NO","NA","NA","Wetland",2,"3","Omnivore","Omnivore","Generalist","32.71","66.53","54.29","-105.44","7567216.9299999997"
"Melospiza melodia","Melospiza melodia",10441,"Passerellidae","Passeriformes","AVIBASE-A5F09E05",6,2,3,1,5,13.4,8.5,5.3,6.7,21.5,66.3,13.2,52.6,20.1,67.2,21.91,"Dunning","NA","NO","NA","NA","Shrubland",2,"2","Omnivore","Omnivore","Generalist","18.989999999999998","62.57","47.88","-103.48","10313728.380000001"
"Melozone fusca","Melozone fusca",10400,"Passerellidae","Passeriformes","AVIBASE-FE69A9C4",5,1,3,1,4,16.5,10.1,5.5,7.8,24,93.4,11.8,79.2,13.1,97,44.4,"Dunning","NA","NO","NA","NA","Shrubland",2,"1","Herbivore","Granivore","Generalist","17.2","39.83","28.78","-104.85","1684944.38"
"Mergus merganser","Mergus merganser",436,"Anatidae","Anseriformes","AVIBASE-407E2CA8",13,6,7,0,4,69.4,38.4,10.4,11.7,50.9,270.8,123.8,145.7,46,107.2,1451.02,"Dunning","NA","NO","NA","NA","Riverine",3,"3","Carnivore","Aquatic predator","Aquatic","29.19","71.19","54.96","28.88","24915961.609999999"
"Mimus polyglottos","Mimus polyglottos",8828,"Mimidae","Passeriformes","AVIBASE-7EFF698D",12,5,7,0,4,22.1,12.2,4.6,5.3,32.2,112.3,23.1,90.5,20.6,117.6,48.5,"Dunning","NA","NO","NA","NA","Shrubland",2,"3","Omnivore","Omnivore","Generalist","16.21","50.99","37.86","-98.85","10145517.51"
"Mniotilta varia","Mniotilta varia",10569,"Parulidae","Passeriformes","AVIBASE-4D207AF6",20,12,8,0,4,13.7,9,2.9,3.3,17.3,68.8,17,49.7,25.5,46.6,10.9,"Dunning","NA","NO","NA","NA","Forest",1,"3","Carnivore","Invertivore","Insessorial","30.21","65.040000000000006","48.07","-92.35","5385503.0800000001"
"Myadestes townsendi","Myadestes townsendi",8855,"Turdidae","Passeriformes","AVIBASE-5459228D",5,2,3,0,4,15.7,8.2,4.4,4.6,20.9,113.3,34.3,80.6,29.9,103,33.2,"Dunning","NA","NO","NA","NA","Forest",2,"2","Omnivore","Omnivore","Insessorial","21.72","66.88","49.88","-122.09","3710015.72"
"Myiarchus cinerascens","Myiarchus cinerascens",5768,"Tyrannidae","Passeriformes","AVIBASE-E0A04985",6,3,3,0,4,23,14.3,6.8,6.2,22.4,96,19.8,77,20.4,89.7,28.2,"Dunning","NA","NO","NA","NA","Shrubland",2,"3","Carnivore","Invertivore","Insessorial","19.5","47.6","34.01","-109.65","3499111.39"
"Myiarchus crinitus","Myiarchus crinitus",5763,"Tyrannidae","Passeriformes","AVIBASE-8D6D5F2B",18,4,6,8,4,22.7,15.5,8.5,6.9,21.8,98.8,21.6,79.4,21.4,88.1,32.1,"Dunning","NA","NO","NA","NA","Woodland",1,"3","Omnivore","Invertivore","Insessorial","8.61","55.55","40.770000000000003","-88.84","5137539.1500000004"
"Nucifraga columbiana","Nucifraga columbiana",6961,"Corvidae","Passeriformes","AVIBASE-D1FC2D6B",12,2,10,0,4,44.3,35.4,11.6,12.3,36.7,191,61.6,129.3,32.2,112,129.81,"Dunning","NA","NO","NA","NA","Forest",1,"2","Omnivore","Omnivore","Insessorial","24.81","54.26","43.24","-114.14","2287629.4"
"Numenius americanus","Numenius americanus",2452,"Scolopacidae","Charadriiformes","AVIBASE-5284C27B",4,2,2,0,4,164,141.5,7.6,8.9,84.5,266.8,132.6,134.2,49.7,94.8,583.86,"Dunning","NA","NO","NA","NA","Grassland",3,"3","Carnivore","Omnivore","Terrestrial","32.9","52.85","44.16","-111.48","2115891.9700000002"
"Nycticorax nycticorax","Nycticorax nycticorax",2221,"Ardeidae","Pelecaniformes","AVIBASE-6BB94D7E",10,4,4,2,4,80.5,56.7,12.1,18.6,69.2,285.7,92.7,187.8,33.1,95.8,810,"Dunning","NA","NO","NA","NA","Wetland",3,"3","Carnivore","Aquatic predator","Terrestrial","-53.89","55.45","11.6","-6.01","50345275.030000001"
"Oreortyx pictus","Oreortyx pictus",152,"Odontophoridae","Galliformes","AVIBASE-171E91FF",5,2,3,0,4,15.4,8.7,6.6,8,35,134,41.4,89.8,31.6,73,233,"Dunning","NA","NO","NA","NA","Shrubland",2,"1","Herbivore","Omnivore","Terrestrial","29.57","47.69","40.46","-120.58","346065.66"
"Oreoscoptes montanus","Oreoscoptes montanus",8836,"Mimidae","Passeriformes","AVIBASE-F6DF700B",6,3,3,0,4,20.8,12.1,4.4,5.3,29.4,97.7,25.4,72.3,26,96,44.2,"Dunning","NA","NO","NA","NA","Shrubland",3,"3","Carnivore","Invertivore","Terrestrial","33.619999999999997","51.21","42.73","-111.95","1992131.03"
"Oxyura jamaicensis","Oxyura jamaicensis",387,"Anatidae","Anseriformes","AVIBASE-675EEA7F",5,2,3,0,4,45.4,24.4,20.9,10.5,31.8,139.6,59.5,82.8,41.9,70.2,608.15,"Dunning","NA","NO","NA","NA","Wetland",3,"1","Omnivore","Aquatic predator","Aquatic","13.04","65.88","43.16","-107.78","6731653.6600000001"
"Pandion haliaetus","Pandion haliaetus",2961,"Pandionidae","Accipitriformes","AVIBASE-1327AC55",12,5,4,3,8,47,27.7,17.3,19.6,49.8,468.4,204.8,253,44.9,201.3,1483.2,"Dunning","NA","NO","NA","NA","Marine",3,"3","Carnivore","Aquatic predator","Aerial","-37.799999999999997","70.69","49.18","25.45","31298390.010000002"
"Parkesia motacilla","Parkesia motacilla",10564,"Parulidae","Passeriformes","AVIBASE-7AB0F3A4",5,2,3,0,4,17.1,11,4.2,4.5,22.3,79.8,23.6,56.1,29.7,49,19.9,"Dunning","NA","NO","NA","NA","Forest",1,"3","Carnivore","Invertivore","Terrestrial","28.69","46.45","37.78","-85.92","2411690.61"
"Parkesia noveboracensis","Parkesia noveboracensis",10565,"Parulidae","Passeriformes","AVIBASE-709AF716",57,4,6,47,4,18.8,9.7,3.5,3.7,23,73.9,21,54.2,28,49.9,16.3,"Dunning","NA","NO","NA","NA","Shrubland",1,"3","Carnivore","Invertivore","Terrestrial","37.229999999999997","69.290000000000006","55.55","-106.16","7602956.7300000004"
"Passer domesticus","Passer domesticus",9910,"Passeridae","Passeriformes","AVIBASE-240E3390",25,12,13,0,8,13.5,9.1,6.3,7.4,17.9,74.9,20.4,54.4,27.3,57.2,26.51,"Dunning","NA","NO","NA","NA","Human Modified",3,"1","Herbivore","Granivore","Terrestrial","5.91","71.19","46.32","61.68","34407867.590000004"
"Passerculus sandwichensis","Passerculus sandwichensis",10434,"Passerellidae","Passeriformes","AVIBASE-26EB95E7",4,1,3,0,4,12.8,8.3,4.1,5.4,20.7,72.8,17.6,55.2,24.1,51.2,19.97,"Dunning","NA","NO","NA","NA","Grassland",3,"3","Omnivore","Omnivore","Generalist","18.829999999999998","71.39","54.37","-108.21","13598359.75"
"Passerina amoena","Passerina amoena",10713,"Cardinalidae","Passeriformes","AVIBASE-9F67F3AF",18,7,11,0,11,11.8,7.3,4.8,6.1,16.8,70.4,16.5,53.9,23.4,54.2,15.49,"Dunning","NA","NO","NA","NA","Shrubland",2,"3","Herbivore","Omnivore","Insessorial","29.61","52","43.16","-112.04","2824052.43"
"Passerina caerulea","Passerina caerulea",10712,"Cardinalidae","Passeriformes","AVIBASE-A7A75EA1",22,7,14,1,7,17,12.3,7.4,10.9,20.3,86.1,19.9,67.2,22.9,64.4,27.39,"Dunning","NA","NO","NA","NA","Forest",2,"3","Carnivore","Invertivore","Generalist","9.17","46.7","32.93","-98.5","5300267.2"
"Passerina ciris","Passerina ciris",10717,"Cardinalidae","Passeriformes","AVIBASE-0BDB87DE",23,10,12,1,8,11.7,7.6,4.9,6.5,18.8,69.6,15,54.1,21.6,52.4,15.54,"Dunning","NA","NO","NA","NA","Shrubland",2,"3","Herbivore","Granivore","Terrestrial","25.29","39.1","32.24","-97.06","1410893.89"
"Passerina cyanea","Passerina cyanea",10711,"Cardinalidae","Passeriformes","AVIBASE-043F337A",31,15,16,0,15,11.7,7.6,5.1,6.2,17.2,64.8,14.7,50.3,22.5,48.9,14.69,"Dunning","NA","NO","NA","NA","Shrubland",2,"3","Herbivore","Granivore","Terrestrial","24.53","52.55","39.21","-91.56","5700834.6500000004"
"Patagioenas fasciata","Patagioenas fasciata",671,"Columbidae","Columbiformes","AVIBASE-86E122A7",5,2,3,0,4,24.9,18.9,7.5,6.6,25.9,206.9,74.7,131.2,36.2,141.5,366.3,"Dunning","NA","NO","NA","NA","Forest",2,"1","Herbivore","Granivore","Terrestrial","12.67","51.73","32.56","-109.86","2624630.54"
"Pelecanus erythrorhynchos","Pelecanus erythrorhynchos",2271,"Pelecanidae","Pelecaniformes","AVIBASE-866903B9",5,0,2,3,4,319.8,296.8,39.6,38.8,115.9,561,251,308.8,44.9,146.2,5608.48,"Dunning","NA","NO","NA","NA","Wetland",3,"2","Carnivore","Aquatic predator","Aquatic","25.33","59.62","49.58","-106.75","1206894.3500000001"
"Perdix perdix","Perdix perdix",347,"Phasianidae","Galliformes","AVIBASE-C013A20E",15,4,11,0,10,20.9,12.7,8.4,8.1,39.3,151.2,51,99.9,33.8,75.3,405.3,"Dunning","NA","NO","NA","NA","Grassland",3,"1","Herbivore","Omnivore","Terrestrial","34.979999999999997","66.099999999999994","52.09","41.6","10032916.789999999"
"Perisoreus canadensis","Perisoreus canadensis",6940,"Corvidae","Passeriformes","AVIBASE-69A6E32F",10,2,8,0,4,24.6,14.3,9,8.6,36.3,150.4,27.2,123.2,18.1,135.9,71.58,"Dunning","NA","NO","NA","NA","Forest",1,"1","Omnivore","Omnivore","Insessorial","33.79","68.78","56.26","-107.33","7301159.5800000001"
"Petrochelidon pyrrhonota","Petrochelidon pyrrhonota",7697,"Hirundinidae","Passeriformes","AVIBASE-F5C181CA",12,3,5,4,4,11.3,5.9,4.5,3,12.6,109.3,54.2,56.4,49,49.2,21.6,"Dunning","NA","NO","NA","NA","Grassland",3,"3","Carnivore","Invertivore","Aerial","16.239999999999998","66.98","46.7","-108.51","11994340.08"
"Peucaea aestivalis","Peucaea aestivalis",10316,"Passerellidae","Passeriformes","AVIBASE-DAD22BB6",5,2,3,0,4,12.9,7.9,5,6.3,19,59,9.6,48.9,16.5,56.8,19.56,"Dunning","NA","NO","NA","NA","Forest",2,"2","Herbivore","Granivore","Terrestrial","26.07","38.18","32.57","-86.64","761850.7"
"Peucaea cassinii","Peucaea cassinii",10315,"Passerellidae","Passeriformes","AVIBASE-B58AFD6E",5,2,3,0,4,14.4,7.8,4.6,5.3,19,66.6,11.1,56.2,16.4,65.7,18.9,"Dunning","NA","NO","NA","NA","Grassland",3,"2","Omnivore","Invertivore","Generalist","22.31","42.9","31.99","-103.38","2032508.77"
"Phainopepla nitens","Phainopepla nitens",9377,"Ptiliogonatidae","Passeriformes","AVIBASE-BD929CBC",112,47,64,1,4,13.4,8.1,5,4.1,20.9,92.6,16.6,81.9,16.9,92.7,22.1,"Dunning","NA","NO","NA","NA","Shrubland",2,"1","Omnivore","Frugivore","Insessorial","19.91","40.520000000000003","29.77","-109.77","1250356.67"
"Phalacrocorax auritus","Nannopterum auritus",2303,"Phalacrocoracidae","Suliformes","AVIBASE-3AC46C54",4,0,3,1,4,68.2,49.8,12,17,64.2,311.8,126.8,185,40.8,154.2,1806.49,"Dunning","NA","NO","NA","NA","Marine",3,"2","Carnivore","Aquatic predator","Aquatic","17.27","62.43","46.01","-102.5","4311610.21"
"Phalaenoptilus nuttallii","Phalaenoptilus nuttallii",1039,"Caprimulgidae","Caprimulgiformes","AVIBASE-D621FFC6",5,2,3,0,4,13.9,6.2,4.2,2.6,17.2,144.2,62.2,83.2,42.8,85.4,48.33,"Dunning","NA","NO","NA","NA","Shrubland",3,"2","Carnivore","Invertivore","Generalist","21.41","51.9","37.31","-109.44","4384334.96"
"Phalaropus tricolor","Steganopus tricolor",2523,"Scolopacidae","Charadriiformes","AVIBASE-667C6969",5,2,3,0,4,27.3,17.8,3.4,3.8,23.2,127.8,73,57,56.2,59,59.39,"Dunning","NA","NO","NA","NA","Wetland",3,"3","Carnivore","Aquatic predator","Terrestrial","34.08","60.96","48.72","-109.67","3893986.28"
"Phasianus colchicus","Phasianus colchicus",329,"Phasianidae","Galliformes","AVIBASE-2FA39DCD",9,3,6,0,4,35.4,22,12.9,11.4,63.3,237.7,61.3,175.8,25.8,449.8,1120.31,"Dunning","NA","NO","NA","NA","Human Modified",2,"1","Herbivore","Omnivore","Terrestrial","20.23","53.22","38.76","101.53","7426719.3200000003"
"Pheucticus ludovicianus","Pheucticus ludovicianus",10703,"Cardinalidae","Passeriformes","AVIBASE-7C2FCB13",47,25,21,1,10,18.6,11.8,8.8,11.8,21.6,101.3,27.4,75.8,26.5,74.6,42,"Dunning","NA","NO","NA","NA","Forest",2,"3","Herbivore","Omnivore","Insessorial","33.979999999999997","63.06","47.76","-96.18","3980871.24"
"Pheucticus melanocephalus","Pheucticus melanocephalus",10704,"Cardinalidae","Passeriformes","AVIBASE-824361E5",17,8,9,0,10,19.1,13,9.1,12.1,22.9,100.5,24.3,76,24.2,72.8,47.13,"Dunning","NA","NO","NA","NA","Forest",2,"3","Carnivore","Invertivore","Insessorial","16.29","51.51","39.119999999999997","-109.95","4524419.42"
"Pica hudsonia","Pica hudsonia",6959,"Corvidae","Passeriformes","AVIBASE-640D71AA",10,2,8,0,4,38.6,24.7,11.1,12.9,47.7,202.8,49.6,152.1,24.6,262,177.12,"Dunning","NA","NO","NA","NA","Grassland",3,"1","Omnivore","Omnivore","Terrestrial","33.97","65.16","49.66","-114.6","6726173.6600000001"
"Pipilo chlorurus","Pipilo chlorurus",10357,"Passerellidae","Passeriformes","AVIBASE-45D829B3",5,2,3,0,4,15.1,9.3,4.7,6.9,24.1,77.6,13.1,64.9,16.8,87.6,29.4,"Dunning","NA","NO","NA","NA","Shrubland",2,"3","Omnivore","Omnivore","Generalist","30.27","48.81","39.82","-112.47","1737517.52"
"Pipilo erythrophthalmus","Pipilo erythrophthalmus",10360,"Passerellidae","Passeriformes","AVIBASE-6090278A",13,6,7,0,8,15.4,9.8,5.5,8.2,27,82.3,11.1,70.8,13.6,91.7,40.03,"Dunning","NA","NO","NA","NA","Forest",2,"2","Herbivore","Omnivore","Generalist","24.53","51.51","39.130000000000003","-85.4","3162018.06"
"Pipilo maculatus","Pipilo maculatus",10358,"Passerellidae","Passeriformes","AVIBASE-0B0BC750",13,5,8,0,13,17.4,10.3,6,8,28.4,85.8,11.8,74,13.7,99.4,39.28,"Dunning","NA","NO","NA","NA","Forest",2,"2","Omnivore","Omnivore","Generalist","14.26","54.19","41.83","-112.1","3630810.42"
"Piranga ludoviciana","Piranga ludoviciana",10741,"Cardinalidae","Passeriformes","AVIBASE-0ADA5F17",8,3,5,0,4,18.5,11.2,6.3,7.3,20.1,94.8,27.2,67.3,28.6,71.1,28.1,"Dunning","NA","NO","NA","NA","Forest",1,"3","Carnivore","Invertivore","Insessorial","29.41","63.85","48.1","-116.44","3662121.88"
"Piranga olivacea","Piranga olivacea",10738,"Cardinalidae","Passeriformes","AVIBASE-42101632",21,12,9,0,4,18.8,11.5,7.2,8.2,19.4,92.6,29.5,65.9,30.9,63.8,28.2,"Dunning","NA","NO","NA","NA","Forest",1,"3","Carnivore","Invertivore","Insessorial","32.409999999999997","53.03","41.72","-85.13","2605301.09"
"Piranga rubra","Piranga rubra",10739,"Cardinalidae","Passeriformes","AVIBASE-891798D9",57,25,29,3,10,19.2,13.3,8.4,9,19.5,92,27.9,67.4,29.2,71.3,29.13,"Dunning","NA","NO","NA","NA","Forest",1,"3","Carnivore","Invertivore","Insessorial","24.5","42.5","33.47","-93.77","3269576.69"
"Podiceps nigricollis","Podiceps nigricollis",564,"Podicipedidae","Podicipediformes","AVIBASE-32DCEC14",5,2,2,1,4,26.2,15.4,5.5,5.9,39.6,127.2,55.1,70.1,44,28,412.44,"Dunning","NA","NO","NA","NA","Wetland",3,"3","Carnivore","Aquatic predator","Aquatic","-34.840000000000003","62","41.93","13.31","16435591.300000001"
"Podilymbus podiceps","Podilymbus podiceps",554,"Podicipedidae","Podicipediformes","AVIBASE-9A8E55D0",8,2,2,4,4,28.8,14.1,5.4,10.6,37.1,125.6,41.8,81.1,34,32.6,411.93,"Dunning","NA","NO","NA","NA","Wetland",3,"2","Carnivore","Aquatic predator","Aquatic","-51.63","62.3","21.61","-86.81","21361785.48"
"Poecile atricapillus","Poecile atricapillus",7216,"Paridae","Passeriformes","AVIBASE-B1F0CC82",13,5,7,1,7,10.3,7.2,3.7,4,16.8,64.4,12,52.5,18.6,61.7,10.8,"Dunning","NA","NO","NA","NA","Forest",1,"1","Omnivore","Invertivore","Insessorial","34.200000000000003","65.98","50.08","-104.99","9078514.1799999997"
"Poecile carolinensis","Poecile carolinensis",7215,"Paridae","Passeriformes","AVIBASE-F941AAD3",15,7,6,2,13,8.9,6.6,3.5,3.7,14.8,58.8,11.4,47,19.5,49.6,9.99,"Dunning","NA","NO","NA","NA","Forest",2,"1","Omnivore","Invertivore","Insessorial","27.68","41.22","34.9","-88.36","2312694.52"
"Poecile gambeli","Poecile gambeli",7217,"Paridae","Passeriformes","AVIBASE-DE0971C1",4,2,2,0,4,11.8,8.9,3.4,3.8,18.1,68.8,13.2,55.5,19.2,59.5,11.19,"Dunning","NA","NO","NA","NA","Forest",1,"1","Omnivore","Invertivore","Insessorial","30.24","60.7","44.25","-115.84","2711124.48"
"Poecile rufescens","Poecile rufescens",7221,"Paridae","Passeriformes","AVIBASE-FF592882",4,2,2,0,3,10.8,6.7,2.8,3.2,15.8,61.1,10.9,50.2,17.8,47,9.39,"Dunning","NA","NO","NA","NA","Forest",1,"1","Omnivore","Invertivore","Insessorial","34.47","61.38","49.83","-124.88","958071.95"
"Polioptila caerulea","Polioptila caerulea",8571,"Polioptilidae","Passeriformes","AVIBASE-A15C5071",8,3,3,2,7,11.3,7.4,2.8,2.3,15.9,50.8,9.6,40.8,19.1,49.1,5.8,"Dunning","NA","NO","NA","NA","Woodland",2,"3","Carnivore","Invertivore","Insessorial","14.44","46.6","33.81","-96.34","6582606.1799999997"
"Polioptila melanura","Polioptila melanura",8574,"Polioptilidae","Passeriformes","AVIBASE-C05CE29C",4,2,2,0,4,10.7,6.5,2.5,2.5,16.1,47.8,5.7,42.1,11.9,54.8,5.2,"Dunning","NA","NO","NA","NA","Shrubland",3,"1","Carnivore","Invertivore","Insessorial","20.149999999999999","38.54","28.97","-106.91","1143933.05"
"Pooecetes gramineus","Pooecetes gramineus",10432,"Passerellidae","Passeriformes","AVIBASE-3647E146",5,2,3,0,4,12,7.7,4.9,6.6,20.1,78.6,18.8,60,23.9,59.6,25.68,"Dunning","NA","NO","NA","NA","Grassland",3,"3","Omnivore","Omnivore","Generalist","33.409999999999997","61.61","46","-100.57","6371227.4699999997"
"Porzana carolina","Porzana carolina",1834,"Rallidae","Gruiformes","AVIBASE-2CC21529",8,4,2,2,4,20.4,10.1,3,5.7,30.1,102.5,34.8,69.5,33.4,50.8,74.8,"Dunning","NA","NO","NA","NA","Wetland",1,"3","Omnivore","Omnivore","Terrestrial","30.64","65.84","48.73","-101.49","9780642.2599999998"
"Progne subis","Progne subis",7747,"Hirundinidae","Passeriformes","AVIBASE-ACB9D1C6",9,4,5,0,4,16.8,9.4,5.9,4.8,15,147.2,76.6,70.7,52,72.4,53.79,"Dunning","NA","NO","NA","NA","Forest",2,"1","Carnivore","Invertivore","Aerial","20.260000000000002","57.1","39.33","-93.05","5698973.3799999999"
"Protonotaria citrea","Protonotaria citrea",10570,"Parulidae","Passeriformes","AVIBASE-4D08EE7E",15,7,8,0,4,17.1,10.8,3.8,3.9,18.3,68.9,20.9,48.9,30,42.7,14.3,"Dunning","NA","NO","NA","NA","Forest",1,"3","Carnivore","Invertivore","Insessorial","25.81","45.28","36.53","-88.1","2173071.7400000002"
"Psaltriparus minimus","Psaltriparus minimus",8041,"Aegithalidae","Passeriformes","AVIBASE-AE37ED4D",4,2,2,0,4,7.8,4.6,2.4,3.4,15.7,45.2,8.8,36.5,19.4,52.2,5.3,"Dunning","NA","NO","NA","NA","Woodland",2,"1","Carnivore","Invertivore","Insessorial","14.09","50.39","34.369999999999997","-110.86","2692275.52"
"Quiscalus major","Quiscalus major",10539,"Icteridae","Passeriformes","AVIBASE-EF47E15D",5,3,2,0,4,38.5,28.1,6.9,10.5,42.8,155,47.6,111.9,29.7,141.4,151.21,"Dunning","NA","NO","NA","NA","Wetland",3,"1","Carnivore","Omnivore","Terrestrial","24.99","41.14","30.85","-81.650000000000006","202767.11"
"Quiscalus mexicanus","Quiscalus mexicanus",10540,"Icteridae","Passeriformes","AVIBASE-5CBA3391",18,8,10,0,4,43.3,29.2,8.2,11.5,47.9,168.6,46,126.4,26.8,170.1,160.47,"Dunning","NA","NO","NA","NA","Human Modified",3,"1","Omnivore","Omnivore","Terrestrial","-3.64","43.84","29.28","-101.43","5121812.21"
"Quiscalus quiscula","Quiscalus quiscula",10535,"Icteridae","Passeriformes","AVIBASE-8BBB3255",10,4,6,0,4,33,21.8,7.3,10.5,35.6,132.9,34.3,98.2,25.9,118.2,105.18,"Dunning","NA","NO","NA","NA","Wetland",3,"2","Carnivore","Omnivore","Terrestrial","24.53","61.37","44.95","-93.93","8216640.2699999996"
"Rallus limicola","Rallus limicola",1773,"Rallidae","Gruiformes","AVIBASE-4880DC55",8,2,4,2,8,37.8,24.9,2.9,5.4,32.4,101,26.8,74.2,26.5,38.6,84.1,"Dunning","NA","NO","NA","NA","Wetland",1,"3","Carnivore","Aquatic predator","Terrestrial","-17.32","55.34","43.23","-100.95","5650094.9199999999"
"Recurvirostra americana","Recurvirostra americana",2354,"Recurvirostridae","Charadriiformes","AVIBASE-8EB0C1FA",5,2,3,0,4,91.2,73.9,6.6,5.2,92,218.2,104.4,113.8,47.8,81.8,304.48,"Dunning","NA","NO","NA","NA","Wetland",3,"2","Carnivore","Aquatic predator","Terrestrial","19.05","54.42","42.31","-107.39","2524844.1"
"Regulus calendula","Corthylio calendula",9363,"Regulidae","Passeriformes","AVIBASE-B60B1166",5,2,3,0,4,10.6,6.3,2.7,2.2,18.4,58,12.6,44.9,22,42.2,6.19,"Dunning","NA","NO","NA","NA","Forest",1,"3","Carnivore","Invertivore","Insessorial","32.33","69.540000000000006","53.97","-108.98","9263294.8399999999"
"Regulus satrapa","Regulus satrapa",9364,"Regulidae","Passeriformes","AVIBASE-154BCCAE",5,2,3,0,4,9,5.4,2.1,2.5,16.2,57.2,13.4,43.4,23.6,42.8,6.19,"Dunning","NA","NO","NA","NA","Forest",1,"3","Carnivore","Invertivore","Insessorial","14.65","62.43","49.81","-105.16","6348089.1500000004"
"Riparia riparia","Riparia riparia",7733,"Hirundinidae","Passeriformes","AVIBASE-94A1C447",26,8,17,1,4,9.4,5,3.7,2.5,10.5,101.8,54,47.9,53,47.2,12.68,"Dunning","NA","NO","NA","NA","Riverine",3,"3","Carnivore","Invertivore","Aerial","24.15","72.45","54.72","29.5","36583654.609999999"
"Salpinctes obsoletus","Salpinctes obsoletus",8583,"Troglodytidae","Passeriformes","AVIBASE-76DF73A9",5,2,3,0,4,19.9,12.6,2.9,3.4,20.1,69,11.8,56.6,17.3,55.6,16.37,"Dunning","NA","NO","NA","NA","Rock",3,"1","Carnivore","Invertivore","Terrestrial","10.66","54.32","37.18","-108.97","5424173.4000000004"
"Sayornis phoebe","Sayornis phoebe",5871,"Tyrannidae","Passeriformes","AVIBASE-62CA2AF8",5,2,3,0,4,17.4,9.7,5.5,4.1,17.7,83.9,17.4,66.7,20.6,70.1,19.7,"Dunning","NA","NO","NA","NA","Forest",2,"3","Carnivore","Invertivore","Insessorial","28.79","65.209999999999994","47.3","-95.73","6246276.4500000002"
"Sayornis saya","Sayornis saya",5872,"Tyrannidae","Passeriformes","AVIBASE-28669A3D",5,2,3,0,4,19.5,11.3,5.4,4.2,20.2,104.4,26.8,77.7,25.6,79.8,20.9,"Dunning","NA","NO","NA","NA","Forest",3,"3","Carnivore","Invertivore","Insessorial","23.16","69.87","51.2","-122.26","7204273.9000000004"
"Seiurus aurocapilla","Seiurus aurocapilla",10562,"Parulidae","Passeriformes","AVIBASE-CEA5B6AA",21,5,8,8,4,15.1,8.9,3.6,4.1,22.3,73.2,18.3,55.1,24.9,50.4,18.8,"Dunning","NA","NO","NA","NA","Forest",1,"3","Carnivore","Invertivore","Terrestrial","33.47","61.09","47.01","-92.45","5222797.22"
"Selasphorus platycercus","Selasphorus platycercus",1561,"Trochilidae","Caprimulgiformes","AVIBASE-AFBD5A5F",5,2,3,0,4,21.1,17,2.1,1.6,4.6,49,31.4,16.8,65.2,32.4,3.54,"Dunning","NA","NO","NA","NA","Forest",2,"1","Herbivore","Nectarivore","Aerial","14.08","44.92","32.39","-107.32","696942.12"
"Selasphorus rufus","Selasphorus rufus",1563,"Trochilidae","Caprimulgiformes","AVIBASE-1E1B6D19",5,2,3,0,4,20.4,15.4,1.6,1.7,2.5,40.7,28.2,13.9,67,29.8,3.5,"Dunning","NA","NO","NA","NA","Forest",2,"1","Herbivore","Nectarivore","Aerial","41.87","61.63","51.14","-123.62","1526769.21"
"Setophaga americana","Setophaga americana",10606,"Parulidae","Passeriformes","AVIBASE-41062654",19,5,14,0,7,11.6,7.6,3.1,3.1,16.9,57.6,15.5,39.9,28.1,44.1,7.84,"Dunning","NA","NO","NA","NA","Forest",2,"3","Carnivore","Invertivore","Insessorial","26.1","52.89","39.96","-84.17","3355702.9"
"Setophaga caerulescens","Setophaga caerulescens",10615,"Parulidae","Passeriformes","AVIBASE-67B455A7",9,4,5,0,4,13,7.4,3.4,3.3,18.6,62.2,14.9,47,24.1,48.9,10.14,"Dunning","NA","NO","NA","NA","Forest",1,"3","Carnivore","Invertivore","Insessorial","33.82","49.94","44.91","-77.040000000000006","1168234.94"
"Setophaga cerulea","Setophaga cerulea",10605,"Parulidae","Passeriformes","AVIBASE-D00EC2C9",9,3,5,1,4,14.3,8.2,3.2,3.3,15.5,65.6,21.9,44,33.2,42.3,9.04,"Dunning","NA","NO","NA","NA","Forest",1,"3","Carnivore","Invertivore","Insessorial","33.26","47.22","40.57","-85.47","1849163.51"
"Setophaga citrina","Setophaga citrina",10601,"Parulidae","Passeriformes","AVIBASE-15EB3000",13,4,9,0,4,13.7,7.9,3.8,3.6,19.2,64.7,13.6,49.7,21.5,55.1,10.54,"Dunning","NA","NO","NA","NA","Forest",2,"3","Carnivore","Invertivore","Insessorial","28.52","43.51","36.020000000000003","-85.15","2007300.04"
"Setophaga coronata audoboni","Setophaga auduboni",10619,"Parulidae","Passeriformes","AVIBASE-E336C5BD",8,4,4,0,4,14,7.3,3.1,3.3,19.4,75.4,19.5,55.9,25.8,56.2,11.94,"DataFromSplit","NA","NO","NA","NA","Forest",1,"3","Carnivore","Invertivore","Insessorial","14.15","60.15","45.14","-117.01","3237248.7"
"Setophaga coronata coronata","Setophaga coronata",10620,"Parulidae","Passeriformes","AVIBASE-524C7116",12,6,6,0,3,12.6,7.2,3.4,3.4,18.1,71.6,17.6,54.1,24.5,56.3,11.94,"Dunning","NA","NO","NA","NA","Forest",1,"3","Carnivore","Invertivore","Insessorial","40.75","69.23","56.68","-107.87","7207362.8399999999"
"Setophaga discolor","Setophaga discolor",10624,"Parulidae","Passeriformes","AVIBASE-E36325FA",16,6,8,2,7,11.8,7.2,2.8,2.9,17.7,55.5,11.1,44.4,20,48.4,7.64,"Dunning","NA","NO","NA","NA","Shrubland",2,"3","Carnivore","Invertivore","Insessorial","24.53","45.96","35.89","-83.73","1565603.51"
"Setophaga dominica","Setophaga dominica",10621,"Parulidae","Passeriformes","AVIBASE-136451CF",13,5,8,0,4,14.9,9.8,3,3.4,16.8,67.7,18.8,49,27.7,50.7,9.69,"Dunning","NA","NO","NA","NA","Forest",2,"3","Carnivore","Invertivore","Insessorial","27.44","42.74","35.340000000000003","-87.05","1925341.63"
"Setophaga fusca","Setophaga fusca",10611,"Parulidae","Passeriformes","AVIBASE-4168AF09",44,20,18,6,4,12.3,8,3.5,3.5,17.6,65.7,21.9,45.6,32.4,47.2,9.74,"Dunning","NA","NO","NA","NA","Forest",1,"3","Carnivore","Invertivore","Insessorial","34.72","54.24","47.11","-82.52","2026720.02"
"Setophaga magnolia","Setophaga magnolia",10609,"Parulidae","Passeriformes","AVIBASE-1E82CE1E",24,10,8,6,5,12.1,7.1,3.1,3.1,18.2,58.4,12.6,46.9,21.1,46.5,8.14,"Dunning","NA","NO","NA","NA","Forest",1,"3","Carnivore","Invertivore","Insessorial","38.229999999999997","64.040000000000006","52.19","-95.33","3661483.1"
"Setophaga nigrescens","Setophaga nigrescens",10629,"Parulidae","Passeriformes","AVIBASE-6B7A93C5",10,5,5,0,4,12.1,6.9,3.4,3.7,18.2,63.2,14.8,48.5,23.4,49,8.7,"Dunning","NA","NO","NA","NA","Forest",1,"3","Carnivore","Invertivore","Insessorial","30.09","52.44","40.07","-115.37","1793686"
"Setophaga pensylvanica","Setophaga pensylvanica",10613,"Parulidae","Passeriformes","AVIBASE-7AB1229B",46,20,17,9,4,13.4,7.6,3.6,3.6,18.7,61.6,16.9,46.5,26.6,46.2,9.29,"Dunning","NA","NO","NA","NA","Forest",2,"3","Carnivore","Invertivore","Insessorial","34.92","54.44","47.41","-83.82","2422614.2000000002"
"Setophaga petechia","Setophaga petechia",10612,"Parulidae","Passeriformes","AVIBASE-A6C0C4A9",92,45,24,23,8,11.7,8,3.4,3.2,20,60.2,14.1,45.7,23.6,43.3,10.22,"Dunning","NA","NO","NA","NA","Shrubland",1,"3","Carnivore","Invertivore","Insessorial","-3.94","70.64","50.59","-108.69","15552185.220000001"
"Setophaga pinus","Setophaga pinus",10618,"Parulidae","Passeriformes","AVIBASE-6283E61E",14,7,7,0,6,13.4,8,3.1,3.8,18.6,71.8,20.6,51.2,28.6,54,11.79,"Dunning","NA","NO","NA","NA","Forest",2,"3","Carnivore","Invertivore","Insessorial","17.61","52.12","38.54","-83.72","2073441.98"
"Setophaga ruticilla","Setophaga ruticilla",10602,"Parulidae","Passeriformes","AVIBASE-BED38F50",35,18,16,1,6,12.3,6.8,4,3,17,62,15.6,48,24.6,52.6,8.24,"Dunning","NA","NO","NA","NA","Forest",1,"3","Carnivore","Invertivore","Insessorial","30.05","65.02","47.72","-98.09","6675504.9500000002"
"Setophaga virens","Setophaga virens",10633,"Parulidae","Passeriformes","AVIBASE-9FFEDE99",15,6,9,0,10,12.5,7.1,3.1,3.3,17.5,62.1,16.5,45.6,26.5,48.4,8.69,"Dunning","NA","NO","NA","NA","Forest",1,"3","Omnivore","Invertivore","Insessorial","33.64","58.7","49.03","-84.73","3340613.66"
"Sialia currucoides","Sialia currucoides",8849,"Turdidae","Passeriformes","AVIBASE-97B870B4",5,1,4,0,4,16.4,9.6,3.9,3.9,21.9,114,41,71.2,36.6,70,29.6,"Dunning","NA","NO","NA","NA","Grassland",3,"3","Omnivore","Invertivore","Insessorial","30.62","66.84","49.97","-118.28","4376669.8"
"Sialia mexicana","Sialia mexicana",8847,"Turdidae","Passeriformes","AVIBASE-AC2B812A",5,2,3,0,4,15.1,8.6,3.4,3.9,19.8,104.4,39.2,66.2,37.2,64.2,26.44,"Dunning","NA","NO","NA","NA","Woodland",3,"2","Omnivore","Omnivore","Insessorial","18.57","52.86","36.28","-112.01","1779665.7"
"Sialia sialis","Sialia sialis",8848,"Turdidae","Passeriformes","AVIBASE-A8347C7D",4,2,2,0,4,15.4,9.1,4.2,4.5,19.7,95.8,31.4,64.4,32.8,62.5,27.5,"Dunning","NA","NO","NA","NA","Woodland",2,"2","Carnivore","Invertivore","Insessorial","12.85","53.98","38.51","-89.69","5460000"
"Sitta canadensis","Sitta canadensis",8552,"Sittidae","Passeriformes","AVIBASE-0716A71C",5,2,3,0,4,14,10.4,3.3,3.2,14.5,66.4,17.3,48.9,26.2,35.6,9.8,"Dunning","NA","NO","NA","NA","Forest",1,"3","Omnivore","Omnivore","Insessorial","31.61","63.37","49.37","-105.04","7299100.0700000003"
"Sitta carolinensis","Sitta carolinensis",8556,"Sittidae","Passeriformes","AVIBASE-19CCBBD2",5,2,3,0,4,19.1,12.2,4,4.2,18.5,88.6,27.6,60.9,31.2,48.8,21,"Dunning","NA","NO","NA","NA","Forest",1,"1","Omnivore","Omnivore","Insessorial","17.489999999999998","58.92","43.04","-102.26","8811748.3499999996"
"Sitta pusilla","Sitta pusilla",8546,"Sittidae","Passeriformes","AVIBASE-AD7F307B",5,2,2,1,5,15.3,10.4,3.3,3.9,14.8,65,15.1,49.9,23.3,35.4,10.2,"Dunning","NA","NO","NA","NA","Forest",1,"1","Omnivore","Invertivore","Insessorial","25.82","38.79","32.71","-85.64","891316.4"
"Sitta pygmaea","Sitta pygmaea",8545,"Sittidae","Passeriformes","AVIBASE-BD0914CB",5,2,3,0,4,14.1,9.7,3.2,3.7,16.8,66.4,11.9,54.4,18,38.3,10.6,"Dunning","NA","NO","NA","NA","Forest",1,"1","Omnivore","Invertivore","Insessorial","18.7","50.53","37.619999999999997","-111.62","1953869.52"
"Spatula clypeata","Spatula clypeata",508,"Anatidae","Anseriformes","AVIBASE-ED4CE8E7",8,4,4,0,4,68.8,47.9,18.6,18.7,33.8,226.4,130.2,94.2,58,75.1,612.56,"Dunning","NA","NO","NA","NA","Wetland",3,"3","Omnivore","Aquatic predator","Aquatic","25.56","71.39","55.88","22.06","27068888.239999998"
"Spatula cyanoptera","Spatula cyanoptera",509,"Anatidae","Anseriformes","AVIBASE-0E599E6C",6,3,3,0,4,50.5,33.8,16,13.9,30.1,187.5,94.8,90.5,51,70.4,377.45,"Dunning","NA","NO","NA","NA","Wetland",3,"2","Herbivore","Herbivore aquatic","Aquatic","-55.98","52.1","11.06","-94.79","6567683.1299999999"
"Spatula discors","Spatula discors",510,"Anatidae","Anseriformes","AVIBASE-90E2543E",6,2,4,0,4,47.3,31.8,15.6,12.6,29.1,178.3,98.7,84.6,53.8,66.7,359.44,"Dunning","NA","NO","NA","NA","Wetland",3,"3","Omnivore","Herbivore aquatic","Aquatic","25.87","67.069999999999993","48.81","-105.19","8349222.1299999999"
"Sphyrapicus nuchalis","Sphyrapicus nuchalis",3913,"Picidae","Piciformes","AVIBASE-20F4B01D",5,2,3,0,5,21.7,17,7,6,19.9,122.8,39,83.8,31.7,75.8,48.49,"Dunning","NA","NO","NA","NA","Woodland",2,"3","Omnivore","Omnivore","Insessorial","32.92","54.93","43.04","-112.81","2075623.96"
"Sphyrapicus ruber","Sphyrapicus ruber",3914,"Picidae","Piciformes","AVIBASE-52F63879",8,4,4,0,5,25.8,21.5,8,7.1,21.6,126.6,38.4,88.2,30.4,80.8,54.79,"Dunning","NA","NO","NA","NA","Woodland",2,"2","Carnivore","Invertivore","Insessorial","32.770000000000003","61.35","50.74","-126.41","1000123.48"
"Sphyrapicus varius","Sphyrapicus varius",3912,"Picidae","Piciformes","AVIBASE-9BE68BD3",19,11,8,0,10,24.8,19.2,6.7,6.3,20.5,124.8,42.2,82.6,33.9,74,50.3,"Dunning","NA","NO","NA","NA","Woodland",1,"3","Omnivore","Omnivore","Insessorial","37.65","64.819999999999993","52.85","-98.93","4472315.75"
"Spinus pinus","Spinus pinus",10228,"Fringillidae","Passeriformes","AVIBASE-B48335B1",5,2,3,0,4,14,9,4.3,5.5,13.9,72.4,25.6,47,35.2,48.3,12.7,"Dunning","NA","NO","NA","NA","Forest",1,"1","Herbivore","Granivore","Insessorial","14.9","65.72","49.57","-108.01","7806130.2800000003"
"Spinus psaltria","Spinus psaltria",10230,"Fringillidae","Passeriformes","AVIBASE-CD5C21CA",40,11,24,5,8,10.2,7.8,4.7,6.3,12.4,60.9,16.2,46.2,26,40.4,8.77,"Dunning","NA","NO","NA","NA","Shrubland",2,"1","Herbivore","Granivore","Insessorial","-8.61","46.31","30.17","-106.31","3951950.33"
"Spinus tristis","Spinus tristis",10229,"Fringillidae","Passeriformes","AVIBASE-C9ABA616",9,4,5,0,8,11.5,8.2,4.3,6.3,13.5,69.8,19.1,50.3,27.6,48.3,12.79,"Dunning","NA","NO","NA","NA","Forest",1,"1","Herbivore","Granivore","Insessorial","31.4","57.36","44.46","-96.32","7802444.2199999997"
"Spiza americana","Spiza americana",10710,"Cardinalidae","Passeriformes","AVIBASE-592E58CE",9,4,5,0,4,15.1,9.8,5.5,7.5,22.3,77.9,20.3,56.8,26.4,56.1,26.18,"Dunning","NA","NO","NA","NA","Grassland",3,"3","Omnivore","Omnivore","Terrestrial","28.75","51.42","39.97","-94.69","3462252.57"
"Spizella breweri","Spizella breweri",10301,"Passerellidae","Passeriformes","AVIBASE-29967541",6,2,4,0,5,12.3,6.7,3.6,4.4,16.8,62.8,12.9,50.1,20.5,57.3,10.9,"Dunning","NA","NO","NA","NA","Shrubland",2,"3","Omnivore","Omnivore","Generalist","33.57","63.27","45.74","-115.39","3238311.53"
"Spizella pallida","Spizella pallida",10298,"Passerellidae","Passeriformes","AVIBASE-486265CF",5,2,3,0,4,10.1,6,3.4,4.9,17.4,60.8,11.2,49,18.6,56.8,11.2,"Dunning","NA","NO","NA","NA","Shrubland",2,"3","Omnivore","Granivore","Generalist","42.16","62.65","51.68","-104.79","3219955.48"
"Spizella passerina","Spizella passerina",10297,"Passerellidae","Passeriformes","AVIBASE-37E9CCDA",5,2,3,0,4,13.1,7,4,4.9,16.3,68,16.3,51,24.2,56,12.2,"Dunning","NA","NO","NA","NA","Forest",2,"3","Omnivore","Omnivore","Generalist","12.94","66.239999999999995","47.04","-103.73","13081064.539999999"
"Spizella pusilla","Spizella pusilla",10300,"Passerellidae","Passeriformes","AVIBASE-E23F6DE0",5,2,3,0,3,10.4,6.6,4.3,5.2,17.9,64.4,10.8,53.5,16.7,62,12.5,"Dunning","NA","NO","NA","NA","Grassland",2,"2","Omnivore","Granivore","Generalist","28.87","49.98","39.43","-90.09","3997616.97"
"Stelgidopteryx serripennis","Stelgidopteryx serripennis",7753,"Hirundinidae","Passeriformes","AVIBASE-B90C04E9",21,9,8,4,5,10.5,4.8,3.4,2.5,11,107.5,55.1,53.6,50.7,47.8,15.69,"Dunning","NA","NO","NA","NA","Shrubland",3,"3","Carnivore","Invertivore","Aerial","9.8699999999999992","56.43","39.57","-100.58","9837317.4299999997"
"Sterna forsteri","Sterna forsteri",2669,"Laridae","Charadriiformes","AVIBASE-D13B9122",5,2,3,0,4,45.3,28,4.9,8.8,24.3,252.6,173.5,79,68.7,131.4,149,"Dunning","NA","NO","NA","NA","Wetland",3,"3","Carnivore","Aquatic predator","Aerial","25.88","55.17","46.22","-104.5","1801878.95"
"Strix varia","Strix varia",2915,"Strigidae","Strigiformes","AVIBASE-7AA076EF",4,2,2,0,4,38.8,21.6,11.2,19.6,60.1,341.2,101,240.2,29.6,218.3,711.49,"Dunning","NA","NO","NA","NA","Forest",2,"1","Carnivore","Vertivore","Insessorial","16.809999999999999","60.28","43.93","-92.86","6628563.5199999996"
"Sturnella magna","Sturnella magna",10451,"Icteridae","Passeriformes","AVIBASE-27410227",13,4,8,1,6,33.5,20,6.1,8.2,39.8,108.1,28.4,86.1,24.8,67.4,91.76,"Dunning","NA","NO","NA","NA","Grassland",3,"2","Carnivore","Invertivore","Terrestrial","-2.91","50.71","30.39","-84.52","7031582.3600000003"
"Sturnella neglecta","Sturnella neglecta",10450,"Icteridae","Passeriformes","AVIBASE-4A5B4883",5,2,3,0,4,33.8,22,6.1,7.5,35,117,32.5,84.5,27.8,71.6,100.06,"Dunning","NA","NO","NA","NA","Grassland",3,"2","Omnivore","Invertivore","Terrestrial","21.43","56.55","42.66","-107.09","6719237.6799999997"
"Sturnus vulgaris","Sturnus vulgaris",8683,"Sturnidae","Passeriformes","AVIBASE-94A44032",28,11,17,0,10,30.2,18.5,6.6,6.5,29,128.3,49.2,79.1,38.4,65.8,77.14,"Dunning","NA","NO","NA","NA","Human Modified",3,"2","Omnivore","Omnivore","Insessorial","24.55","71.19","50.32","52.41","17082191.68"
"Tachycineta bicolor","Tachycineta bicolor",7735,"Hirundinidae","Passeriformes","AVIBASE-BBA2F9DF",10,4,6,0,4,10.8,5.9,3.8,2.8,12.2,115.9,61.3,54.3,53,54,21.2,"Dunning","NA","NO","NA","NA","Wetland",3,"3","Carnivore","Invertivore","Aerial","33","68.64","52.15","-107.17","11720977.550000001"
"Tachycineta thalassina","Tachycineta thalassina",7736,"Hirundinidae","Passeriformes","AVIBASE-75DC49AD",12,4,7,1,4,9.9,5,3.6,3,11.3,115.5,63.6,53,54.5,48.1,14.14,"Dunning","NA","NO","NA","NA","Forest",3,"3","Carnivore","Invertivore","Aerial","18.3","66.72","46.28","-121.35","6104146.6200000001"
"Thryomanes bewickii","Thryomanes bewickii",8615,"Troglodytidae","Passeriformes","AVIBASE-603194D3",5,2,3,0,4,15.5,10.1,2.6,3,17.5,54,7.3,46.1,13.8,51.2,9.9,"Dunning","NA","NO","NA","NA","Shrubland",2,"2","Carnivore","Invertivore","Generalist","16.27","50.41","33.54","-106.62","3360146.45"
"Thryothorus ludovicianus","Thryothorus ludovicianus",8613,"Troglodytidae","Passeriformes","AVIBASE-5217F951",13,3,6,4,10,16.9,11.1,3.2,3.9,21.4,59.4,6.8,52.6,11.4,50.7,18.96,"Dunning","NA","NO","NA","NA","Woodland",2,"1","Carnivore","Invertivore","Insessorial","21.45","45.64","35.21","-87.93","3040027.22"
"Toxostoma curvirostre","Toxostoma curvirostre",8837,"Mimidae","Passeriformes","AVIBASE-033B53E6",5,2,3,0,4,35.2,23.7,6.1,6.5,32.4,111.6,19.8,92.2,17.7,109.2,80.54,"Dunning","NA","NO","NA","NA","Shrubland",3,"1","Omnivore","Invertivore","Terrestrial","16.71","37.97","27.84","-103.65","2044910.56"
"Toxostoma rufum","Toxostoma rufum",8839,"Mimidae","Passeriformes","AVIBASE-C8F9F2D0",5,2,3,0,4,30.1,19.3,5.4,6.3,34.2,102.5,14,86.7,13.9,121.8,68.8,"Dunning","NA","NO","NA","NA","Shrubland",1,"2","Omnivore","Omnivore","Generalist","25.78","54.12","41.75","-92.94","5678627.8799999999"
"Tringa semipalmata","Tringa semipalmata",2533,"Scolopacidae","Charadriiformes","AVIBASE-E7A14E91",4,2,2,0,4,67.4,46,4.5,7.2,65.4,203.5,97,106.6,47.6,73.8,245.7,"Dunning","NA","NO","NA","NA","Coastal",3,"3","Carnivore","Aquatic predator","Terrestrial","17.47","55.38","42.76","-101.57","2508839.89"
"Troglodytes aedon","Troglodytes aedon",8598,"Troglodytidae","Passeriformes","AVIBASE-7B6E99A9",104,12,20,72,26,15.9,9.8,3,3.1,20.1,51.4,6.7,44.9,12.9,41.1,10.85,"Dunning","NA","NO","NA","NA","Shrubland",3,"1","Carnivore","Invertivore","Insessorial","-55.72","59.66","4.96","-75.180000000000007","25653883.469999999"
"Troglodytes hiemalis","Troglodytes hiemalis",8595,"Troglodytidae","Passeriformes","AVIBASE-C757BD95",4,2,2,0,4,12.5,8.5,2.3,2.3,18.1,45.8,7.7,38,17,27.6,8.9,"Updated_literature","Dunning (2021)","NO","NA","NA","Forest",1,"3","Carnivore","Invertivore","Insessorial","34.58","60.53","49.93","-87.13","3348061.18"
"Troglodytes pacificus","Troglodytes pacificus",8594,"Troglodytidae","Passeriformes","AVIBASE-CF5B7A9D",3,1,2,0,1,11.8,8.1,2,2.5,17.4,44.2,8.4,35.8,19,30.1,9.4,"Updated_literature","Dunning (2021)","NO","NA","NA","Forest",1,"3","Carnivore","Invertivore","Insessorial","33.24","61.58","51.83","-124.8","1829701.25"
"Turdus migratorius","Turdus migratorius",8976,"Turdidae","Passeriformes","AVIBASE-103427C5",14,8,6,0,5,23.4,12.5,5.6,6.8,32.7,127,36.9,90.3,29,95.7,78.5,"Dunning","NA","NO","NA","NA","Forest",3,"3","Omnivore","Invertivore","Generalist","15.92","70.58","50.87","-106.8","16455945.960000001"
"Tympanuchus phasianellus","Tympanuchus phasianellus",369,"Phasianidae","Galliformes","AVIBASE-861CBBDA",5,5,0,0,4,22.3,11.6,8.4,9.2,40,200.6,79.4,120.6,39.6,103.2,882.38,"Dunning","NA","NO","NA","NA","Grassland",3,"1","Herbivore","Herbivore terrestrial","Terrestrial","37.29","69.17","55.49","-113.89","6080574.5999999996"
"Tyrannus forficatus","Tyrannus forficatus",5738,"Tyrannidae","Passeriformes","AVIBASE-6F65F82B",5,2,3,0,3,22.4,13.9,7.6,6,18.6,121.2,45.1,74.9,37.5,214,39.3,"Dunning","NA","NO","NA","NA","Human Modified",2,"3","Omnivore","Invertivore","Insessorial","24.1","40.590000000000003","33.46","-98.04","1445850.08"
"Tyrannus tyrannus","Tyrannus tyrannus",5734,"Tyrannidae","Passeriformes","AVIBASE-082D833C",10,2,3,5,4,21.5,14.8,8.2,6.5,18.5,116.7,38.6,77.2,33.3,87.6,39.85,"Dunning","NA","NO","NA","NA","Woodland",2,"3","Carnivore","Invertivore","Insessorial","24.95","65.28","45.77","-98.88","9124093.1600000001"
"Tyrannus verticalis","Tyrannus verticalis",5733,"Tyrannidae","Passeriformes","AVIBASE-2281F1C7",4,2,2,0,4,21.8,13.5,7.5,6.4,18.3,126.1,41.9,84.3,33.2,89.9,39.6,"Dunning","NA","NO","NA","NA","Shrubland",3,"3","Carnivore","Invertivore","Insessorial","26.05","53.7","40.94","-108.96","5067458.79"
"Tyrannus vociferans","Tyrannus vociferans",5731,"Tyrannidae","Passeriformes","AVIBASE-178B8955",11,3,8,0,4,23.8,14.9,8.5,7,19.5,128.9,41.3,89.6,31.9,96.9,45.6,"Dunning","NA","NO","NA","NA","Forest",2,"3","Carnivore","Invertivore","Insessorial","16.36","46.22","28.68","-106.02","1436515.31"
"Vermivora chrysoptera","Vermivora chrysoptera",10567,"Parulidae","Passeriformes","AVIBASE-83F326C8",21,11,8,2,4,14.6,9,3.2,3.5,17.9,60.6,15.6,44.9,25.9,44.9,8.74,"Dunning","NA","NO","NA","NA","Shrubland",2,"3","Carnivore","Invertivore","Insessorial","34.729999999999997","49.47","43.32","-82.67","946202.7"
"Vermivora cyanoptera","Vermivora cyanoptera",10568,"Parulidae","Passeriformes","AVIBASE-B617FE7D",11,4,7,0,4,13,8.5,3,3.3,16.3,58.3,14.3,42.6,25.2,42.5,8.9,"Dunning","NA","NO","NA","NA","Shrubland",1,"3","Carnivore","Invertivore","Insessorial","33.31","44.73","39.65","-83.95","1491745.35"
"Vireo bellii","Vireo bellii",6417,"Vireonidae","Passeriformes","AVIBASE-C3168495",13,3,10,0,4,13.5,7,3.7,3.7,19.2,55.7,10.8,44.9,19.4,44.1,8.5,"Dunning","NA","NO","NA","NA","Shrubland",2,"3","Carnivore","Invertivore","Insessorial","21.36","47.35","34.81","-99.81","2636566.5299999998"
"Vireo cassinii","Vireo cassinii",6411,"Vireonidae","Passeriformes","AVIBASE-EB0CD5DC",12,3,9,0,4,14.7,7.7,4.1,4.3,19.3,73.6,20.5,53,27.9,51,14.7,"Dunning","NA","NO","NA","NA","Forest",2,"3","Carnivore","Invertivore","Insessorial","23.27","53.93","45.02","-119.65","923209.39"
"Vireo flavifrons","Vireo flavifrons",6408,"Vireonidae","Passeriformes","AVIBASE-F8DDF6A6",27,7,13,7,4,15.1,8.5,4.3,4.9,19.3,76.3,25.8,50.4,33.8,48.4,18,"Dunning","NA","NO","NA","NA","Forest",2,"3","Carnivore","Invertivore","Insessorial","28.07","49.87","38.909999999999997","-86.42","3167329.54"
"Vireo gilvus","Vireo gilvus",6399,"Vireonidae","Passeriformes","AVIBASE-66AA469C",21,5,13,3,11,14.3,7.5,3.7,3.7,17.6,70.1,16.5,53.5,23.5,51.3,12.67,"Dunning","NA","NO","NA","NA","Forest",1,"3","Carnivore","Invertivore","Insessorial","16.11","66.86","45.21","-105.84","9680437.5600000005"
"Vireo griseus","Vireo griseus",6425,"Vireonidae","Passeriformes","AVIBASE-D97F93CC",24,6,13,5,11,13.7,7.4,3.9,4.1,19.5,61.6,11.1,50.6,17.9,48.9,11.4,"Dunning","NA","NO","NA","NA","Shrubland",2,"3","Carnivore","Invertivore","Insessorial","20.09","42.84","34.729999999999997","-88.7","3034548.86"
"Vireo huttoni","Vireo huttoni",6407,"Vireonidae","Passeriformes","AVIBASE-1BDF5C00",15,4,11,0,4,13.1,6.9,3.7,3.8,19.5,63.2,10.8,52.6,17,49.1,11.3,"Dunning","NA","NO","NA","NA","Forest",1,"1","Carnivore","Invertivore","Insessorial","14.13","51","30.65","-109.85","1214843.43"
"Vireo olivaceus","Vireo olivaceus",6402,"Vireonidae","Passeriformes","AVIBASE-847717E2",31,7,9,15,8,16.4,9.6,4.3,4.4,19.5,77.5,23.6,55.6,29.8,52.7,16.06,"Dunning","NA","NO","NA","NA","Forest",1,"3","Omnivore","Invertivore","Insessorial","25.72","66.319999999999993","45.77","-96.24","8742854.7599999998"
"Vireo plumbeus","Vireo plumbeus",6412,"Vireonidae","Passeriformes","AVIBASE-1BB9C864",18,5,12,1,4,14.8,7.8,4.2,4.9,19.1,77,22.7,56.6,28.6,56.7,16.4,"Dunning","NA","NO","NA","NA","Forest",2,"3","Carnivore","Invertivore","Insessorial","13.35","45.79","34.06","-108.58","1311596.67"
"Vireo solitarius","Vireo solitarius",6413,"Vireonidae","Passeriformes","AVIBASE-95DB0943",11,3,8,0,4,13.7,7.5,4,4.4,18.6,75.3,22.1,53.2,29.3,51.4,15.3,"Dunning","NA","NO","NA","NA","Forest",1,"3","Carnivore","Invertivore","Insessorial","34.76","62.01","51.05","-92.77","3329804.9"
"Xanthocephalus xanthocephalus","Xanthocephalus xanthocephalus",10448,"Icteridae","Passeriformes","AVIBASE-3E2D0C9B",5,2,3,0,4,22.5,14.6,6.6,9.1,32.9,129.4,34.2,92.6,27,101.9,62.68,"Dunning","NA","NO","NA","NA","Wetland",2,"2","Herbivore","Granivore","Terrestrial","31.47","59.17","46.37","-108.09","4756494.1399999997"
"Zonotrichia albicollis","Zonotrichia albicollis",10418,"Passerellidae","Passeriformes","AVIBASE-39BD9FF2",10,4,5,1,5,13.6,8.4,5.1,6.3,23,72.8,14.3,58.1,19.7,70.4,24.4,"Dunning","NA","NO","NA","NA","Woodland",2,"3","Herbivore","Omnivore","Terrestrial","40.700000000000003","65.849999999999994","53.74","-95.18","5662700.8499999996"
"Zonotrichia leucophrys","Zonotrichia leucophrys",10419,"Passerellidae","Passeriformes","AVIBASE-8601A467",5,2,3,0,4,15.4,8.4,4.5,6,22.8,78.7,18.5,60.9,23.4,70.6,28,"Dunning","NA","NO","NA","NA","Shrubland",2,"3","Omnivore","Omnivore","Generalist","33.380000000000003","70.64","58.71","-115.14","7364178.6100000003"
